username,payroll_id,fname,lname,number,group,local_date,local_day,local_start_time,local_end_time,tz,hours,jobcode_1,jobcode_2,jobcode_3,jobcode_4,bchrp property address,billable,btl property address,class,location,lvbop property addresses,mi slba county,service item,tasks,location,notes,approved_status,has_flags,flag_types
not_today@gmail.com,,Syrio,Forel,0,SME/Contractor,3/1/2024,Fri,,,,2.75,,KL D-22,Kings Landing Delivery-2022-001 Admin,,,,,,,,,,,,Winter is coming,approved,,
theong,,Theon,Greyjoy,0,SME/Contractor,3/1/2024,Fri,,,,3,,KL D-19,Kings Landing Delivery-2019-003 Planning,Task 1,,,,,,,,,,,,approved,,
tlannister2@las.com,,Tyrion,Lannister,0,Lannister Advisery Services,3/1/2024,Fri,,,,0.75,,KL C-20,Kings Landing Construction-2020-006 Assembly,Task 2,,,,,,,,,,,,approved,,
tlannister2@las.com,,Tyrion,Lannister,0,Lannister Advisery Services,3/1/2024,Fri,,,,0.75,,KL R-22,Kings Landing Regency-2022-002 Coord,,,,,,,,,,,,,approved,,
tlannister2@las.com,,Tyrion,Lannister,0,Lannister Advisery Services,3/1/2024,Fri,,,,1,,KL D-22,Kings Landing Delivery-2022-003 Planning,Task 3,,,,,,,,,,,Winter is coming,approved,,
tlannister2@las.com,,Tyrion,Lannister,0,Lannister Advisery Services,3/1/2024,Fri,,,,1.25,,KL D-22,Kings Landing Delivery-2022-006 Distribution,Task 3,,,,,,,,,,,Winter is coming,approved,,
tlannister2@las.com,,Tyrion,Lannister,0,Lannister Advisery Services,3/1/2024,Fri,,,,2.25,,KL D-19,Kings Landing Delivery-2019-003 Planning,Task 4,,,,,,,,,,,Winter is coming,approved,,
eurong,,Euron,Greyjoy,0,SME/Contractor,3/1/2024,Fri,,,,1.75,,KL D-19,Kings Landing Delivery-2019-003 Planning,Task 3,,,,,,,,,,,Winter is coming,approved,,
arya,,Arya,Stark,0,SME/Contractor,3/1/2024,Fri,,,,1,,KL D-22,Kings Landing Delivery-2022-008 Payment,Task 2,,,,,,,,,,,Winter is coming,approved,,
c_lannister@las.com,,Cerse,Lannister,0,Lannister Advisery Services,3/1/2024,Fri,,,,0.25,,KL D-19,Kings Landing Delivery-2019-003 Planning,Task 1,,,,,,,,,,,Winter is coming,approved,,
c_lannister@las.com,,Cerse,Lannister,0,Lannister Advisery Services,3/1/2024,Fri,,,,0.25,,KL D-19,Kings Landing Delivery-2019-004 Allotment,Task 1,,,,,,,,,,,Winter is coming,approved,,
c_lannister@las.com,,Cerse,Lannister,0,Lannister Advisery Services,3/1/2024,Fri,,,,0.5,,KL D-22,Kings Landing Delivery-2022-004 Allotment,Task 4,,,,,,,,,,,Winter is coming,approved,,
jlannister,,Jaimie,Lannister,0,Lannister Advisery Services,3/1/2024,Fri,,,,0.25,,KL D-19,Kings Landing Delivery-2019-004 Allotment,Task 2,,,,,,,,,,,Winter is coming,approved,,
jlannister,,Jaimie,Lannister,0,Lannister Advisery Services,3/1/2024,Fri,,,,0.25,,KL D-19,Kings Landing Delivery-2019-004 Allotment,Task 1,,,,,,,,,,,Winter is coming,approved,,
jlannister,,Jaimie,Lannister,0,Lannister Advisery Services,3/1/2024,Fri,,,,0.25,,KL D-22,Kings Landing Delivery-2022-007 Procurement,Task 1,,,,,,,,,,,Winter is coming,approved,,
jlannister,,Jaimie,Lannister,0,Lannister Advisery Services,3/1/2024,Fri,,,,0.5,,KL D-22,Kings Landing Delivery-2022-003 Planning,Task 1,,,,,,,,,,,Winter is coming,approved,,
jlannister,,Jaimie,Lannister,0,Lannister Advisery Services,3/1/2024,Fri,,,,0.5,,KL D-19,Kings Landing Delivery-2019-003 Planning,Task 1,,,,,,,,,,,,approved,,
jlannister,,Jaimie,Lannister,0,Lannister Advisery Services,3/1/2024,Fri,,,,0.5,,KL D-19,Kings Landing Delivery-2019-003 Planning,Task 1,,,,,,,,,,,,approved,,
jlannister,,Jaimie,Lannister,0,Lannister Advisery Services,3/1/2024,Fri,,,,0.75,,KL D-19,Kings Landing Delivery-2019-003 Planning,Task 3,,,,,,,,,,,,approved,,
jlannister,,Jaimie,Lannister,0,Lannister Advisery Services,3/1/2024,Fri,,,,1,,KL C-20,Kings Landing Construction-2020-006 Assembly,Task 2,,,,,,,,,,,,approved,,
silent_payne@gmail.com,,Ilyn,Payne,0,SME/Contractor,3/1/2024,Fri,,,,1,,KL C-20,Kings Landing Delivery-2022-005 Storage,Task 2,,,,,,,,,,,A Lannister always pays their debts,approved,,
,,Reimbursable ,Expenses ,0,SME/Contractor,3/1/2024,,,,,4908.87,,KL D-22,Kings Landing Delivery-2022-007 Procurement,,,,,,,,,,,,A Lannister always pays their debts,,,
balong,,Balon,Greyjoy,0,SME/Contractor,3/3/2024,Sun,,,,3,,KL D-19,Kings Landing Delivery-2019-003 Planning,Task 3,,,,,,,,,,,A Lannister always pays their debts,approved,,
not_today@gmail.com,,Syrio,Forel,0,SME/Contractor,3/3/2024,Sun,,,,0.25,,KL C-22,Kings Landing Construction-2022-001 Admin,,,,,,,,,,,,A Lannister always pays their debts,approved,,
not_today@gmail.com,,Syrio,Forel,0,SME/Contractor,3/3/2024,Sun,,,,1.25,,KL R-22,Kings Landing Regency-2022-001 Admin,,,,,,,,,,,,A Lannister always pays their debts,approved,,
not_today@gmail.com,,Syrio,Forel,0,SME/Contractor,3/3/2024,Sun,,,,1.5,,KL C-21,Kings Landing Construction-2021-001 Admin,,,,,,,,,,,,,approved,,
balong,,Balon,Greyjoy,0,SME/Contractor,3/4/2024,Mon,,,,2,,KL D-19,Kings Landing Delivery-2019-003 Planning,Task 3,,,,,,,,,,,,approved,,
not_today@gmail.com,,Syrio,Forel,0,SME/Contractor,3/4/2024,Mon,,,,1.25,,KL C-21,Kings Landing Construction-2021-001 Admin,,,,,,,,,,,,Winter is coming,approved,,
not_today@gmail.com,,Syrio,Forel,0,SME/Contractor,3/4/2024,Mon,,,,1.75,,KL D-22,Kings Landing Delivery-2022-001 Admin,,,,,,,,,,,,,approved,,
theong,,Theon,Greyjoy,0,SME/Contractor,3/4/2024,Mon,,,,2.5,,KL D-19,Kings Landing Delivery-2019-003 Planning,Task 3,,,,,,,,,,,,approved,,
tlannister2@las.com,,Tyrion,Lannister,0,Lannister Advisery Services,3/4/2024,Mon,,,,0.25,,KL D-19,Kings Landing Delivery-2019-003 Planning,Task 4,,,,,,,,,,,"By the old gods, and the new",approved,,
tlannister2@las.com,,Tyrion,Lannister,0,Lannister Advisery Services,3/4/2024,Mon,,,,0.25,,KL D-22,Kings Landing Delivery-2022-003 Planning,Task 3,,,,,,,,,,,"By the old gods, and the new",approved,,
tlannister2@las.com,,Tyrion,Lannister,0,Lannister Advisery Services,3/4/2024,Mon,,,,0.25,,KL D-22,Kings Landing Delivery-2022-005 Storage,Task 3,,,,,,,,,,,"By the old gods, and the new",approved,,
tlannister2@las.com,,Tyrion,Lannister,0,Lannister Advisery Services,3/4/2024,Mon,,,,0.25,,KL D-22,Kings Landing Delivery-2022-007 Procurement,Task 3,,,,,,,,,,,"By the old gods, and the new",approved,,
tlannister2@las.com,,Tyrion,Lannister,0,Lannister Advisery Services,3/4/2024,Mon,,,,0.25,,KL D-22,Kings Landing Delivery-2022-008 Payment,Task 2,,,,,,,,,,,"By the old gods, and the new",approved,,
tlannister2@las.com,,Tyrion,Lannister,0,Lannister Advisery Services,3/4/2024,Mon,,,,0.25,,KL C-20,Kings Landing Construction-2020-006 Assembly,Task 2,,,,,,,,,,,"By the old gods, and the new",approved,,
tlannister2@las.com,,Tyrion,Lannister,0,Lannister Advisery Services,3/4/2024,Mon,,,,0.25,,KL F-20,Kings Landing Food-2020-007 Yield,Task 3,,,,,,,,,,,,approved,,
tlannister2@las.com,,Tyrion,Lannister,0,Lannister Advisery Services,3/4/2024,Mon,,,,0.5,,KL R-22,Kings Landing Regency-2022-004 Execution,Task 2,,,,,,,,,,,,approved,,
tlannister2@las.com,,Tyrion,Lannister,0,Lannister Advisery Services,3/4/2024,Mon,,,,1,,KL C-20,Kings Landing Delivery-2022-005 Storage,Task 3,,,,,,,,,,,Winter is coming,approved,,
eurong,,Euron,Greyjoy,0,SME/Contractor,3/4/2024,Mon,,,,3,,KL D-19,Kings Landing Delivery-2019-003 Planning,Task 3,,,,,,,,,,,Winter is coming,approved,,
bronn,,Bronn,,0,Lannister Advisery Services,3/4/2024,Mon,,,,2,,KL D-22,Kings Landing Delivery-2022-007 Procurement,Task 1,,,,,,,,,,,Winter is coming,approved,,
jlannister,,Jaimie,Lannister,0,Lannister Advisery Services,3/4/2024,Mon,,,,0.25,,KL D-19,Kings Landing Delivery-2019-003 Planning,Task 1,,,,,,,,,,,Winter is coming,approved,,
jlannister,,Jaimie,Lannister,0,Lannister Advisery Services,3/4/2024,Mon,,,,0.25,,KL D-19,Kings Landing Delivery-2019-004 Allotment,Task 1,,,,,,,,,,,Winter is coming,approved,,
jlannister,,Jaimie,Lannister,0,Lannister Advisery Services,3/4/2024,Mon,,,,0.25,,KL D-22,Kings Landing Delivery-2022-003 Planning,Task 1,,,,,,,,,,,Winter is coming,approved,,
jlannister,,Jaimie,Lannister,0,Lannister Advisery Services,3/4/2024,Mon,,,,0.25,,KL D-22,Kings Landing Delivery-2022-005 Storage,Task 1,,,,,,,,,,,Winter is coming,approved,,
jlannister,,Jaimie,Lannister,0,Lannister Advisery Services,3/4/2024,Mon,,,,0.25,,KL D-22,Kings Landing Delivery-2022-007 Procurement,Task 1,,,,,,,,,,,Winter is coming,approved,,
jlannister,,Jaimie,Lannister,0,Lannister Advisery Services,3/4/2024,Mon,,,,0.75,,KL D-22,Kings Landing Delivery-2022-008 Payment,Task 2,,,,,,,,,,,Winter is coming,approved,,
jlannister,,Jaimie,Lannister,0,Lannister Advisery Services,3/4/2024,Mon,,,,6.5,,KL D-22,Kings Landing Delivery-2022-007 Procurement,Task 3,,,,,,,,,,,Winter is coming,approved,,
silent_payne@gmail.com,,Ilyn,Payne,0,SME/Contractor,3/4/2024,Mon,,,,1,,KL C-20,Kings Landing Delivery-2022-005 Storage,Task 2,,,,,,,,,,,Winter is coming,approved,,
silent_payne@gmail.com,,Ilyn,Payne,0,SME/Contractor,3/4/2024,Mon,,,,1,,KL C-20,Kings Landing Delivery-2022-005 Storage,Task 3,,,,,,,,,,,Winter is coming,approved,,
not_today@gmail.com,,Syrio,Forel,0,SME/Contractor,3/5/2024,Tue,,,,3,,KL D-22,Kings Landing Delivery-2022-001 Admin,,,,,,,,,,,,"By the old gods, and the new",approved,,
mtyrell,,Margaery,Tyrell,0,Lannister Advisery Services,3/5/2024,Tue,,,,2,,KL D-22,Kings Landing Delivery-2022-007 Procurement,Task 3,,,,,,,,,,,"By the old gods, and the new",approved,,
tlannister2@las.com,,Tyrion,Lannister,0,Lannister Advisery Services,3/5/2024,Tue,,,,0.5,,KL R-22,Kings Landing Regency-2022-003 Planning,,,,,,,,,,,,,approved,,
tlannister2@las.com,,Tyrion,Lannister,0,Lannister Advisery Services,3/5/2024,Tue,,,,0.5,,KL F-20,Kings Landing Food-2020-008 Storage,Task 1,,,,,,,,,,,,approved,,
tlannister2@las.com,,Tyrion,Lannister,0,Lannister Advisery Services,3/5/2024,Tue,,,,0.5,,KL F-20,Kings Landing Food-2020-006 Harvest,Task 1,,,,,,,,,,,A Lannister always pays their debts,approved,,
tlannister2@las.com,,Tyrion,Lannister,0,Lannister Advisery Services,3/5/2024,Tue,,,,0.75,,KL C-20,Kings Landing Construction-2020-006 Assembly,Task 2,,,,,,,,,,,A Lannister always pays their debts,approved,,
tlannister2@las.com,,Tyrion,Lannister,0,Lannister Advisery Services,3/5/2024,Tue,,,,1,,KL D-19,Kings Landing Delivery-2019-003 Planning,Task 4,,,,,,,,,,,A Lannister always pays their debts,approved,,
tlannister2@las.com,,Tyrion,Lannister,0,Lannister Advisery Services,3/5/2024,Tue,,,,1,,KL D-19,Kings Landing Delivery-2019-004 Allotment,Task 4,,,,,,,,,,,A Lannister always pays their debts,approved,,
tlannister2@las.com,,Tyrion,Lannister,0,Lannister Advisery Services,3/5/2024,Tue,,,,3,,KL D-22,Kings Landing Delivery-2022-005 Storage,Task 3,,,,,,,,,,,,approved,,
c_lannister@las.com,,Cerse,Lannister,0,Lannister Advisery Services,3/5/2024,Tue,,,,0.5,,KL D-19,Kings Landing Delivery-2019-001 Admin,,,,,,,,,,,,,approved,,
c_lannister@las.com,,Cerse,Lannister,0,Lannister Advisery Services,3/5/2024,Tue,,,,1,,KL D-22,Kings Landing Delivery-2022-007 Procurement,Task 1,,,,,,,,,,,,approved,,
c_lannister@las.com,,Cerse,Lannister,0,Lannister Advisery Services,3/5/2024,Tue,,,,1.75,,KL D-22,Kings Landing Delivery-2022-005 Storage,Task 2,,,,,,,,,,,Winter is coming,approved,,
c_lannister@las.com,,Cerse,Lannister,0,Lannister Advisery Services,3/5/2024,Tue,,,,2,,KL D-19,Kings Landing Delivery-2019-003 Planning,Task 3,,,,,,,,,,,,approved,,
jlannister,,Jaimie,Lannister,0,Lannister Advisery Services,3/5/2024,Tue,,,,0.5,,KL D-22,Kings Landing Delivery-2022-001 Admin,,,,,,,,,,,,"By the old gods, and the new",approved,,
jlannister,,Jaimie,Lannister,0,Lannister Advisery Services,3/5/2024,Tue,,,,1.25,,KL D-22,Kings Landing Delivery-2022-007 Procurement,Task 3,,,,,,,,,,,"By the old gods, and the new",approved,,
jlannister,,Jaimie,Lannister,0,Lannister Advisery Services,3/5/2024,Tue,,,,1.25,,KL D-19,Kings Landing Delivery-2019-004 Allotment,Task 1,,,,,,,,,,,"By the old gods, and the new",approved,,
silent_payne@gmail.com,,Ilyn,Payne,0,SME/Contractor,3/5/2024,Tue,,,,1,,KL C-20,Kings Landing Delivery-2022-005 Storage,Task 2,,,,,,,,,,,A Lannister always pays their debts,approved,,
not_today@gmail.com,,Syrio,Forel,0,SME/Contractor,3/6/2024,Wed,,,,3,,KL D-22,Kings Landing Delivery-2022-001 Admin,,,,,,,,,,,,A Lannister always pays their debts,approved,,
mtyrell,,Margaery,Tyrell,0,Lannister Advisery Services,3/6/2024,Wed,,,,1,,KL D-22,Kings Landing Delivery-2022-007 Procurement,Task 3,,,,,,,,,,,A Lannister always pays their debts,approved,,
tlannister2@las.com,,Tyrion,Lannister,0,Lannister Advisery Services,3/6/2024,Wed,,,,1,,KL D-22,Kings Landing Delivery-2022-007 Procurement,Task 3,,,,,,,,,,,A Lannister always pays their debts,approved,,
tlannister2@las.com,,Tyrion,Lannister,0,Lannister Advisery Services,3/6/2024,Wed,,,,1,,KL R-22,Kings Landing Regency-2022-004 Execution,Task 2,,,,,,,,,,,A Lannister always pays their debts,approved,,
tlannister2@las.com,,Tyrion,Lannister,0,Lannister Advisery Services,3/6/2024,Wed,,,,1,,KL F-20,Kings Landing Food-2020-007 Yield,Task 3,,,,,,,,,,,,approved,,
tlannister2@las.com,,Tyrion,Lannister,0,Lannister Advisery Services,3/6/2024,Wed,,,,1,,KL D-22,Kings Landing Delivery-2022-003 Planning,Task 3,,,,,,,,,,,,approved,,
tlannister2@las.com,,Tyrion,Lannister,0,Lannister Advisery Services,3/6/2024,Wed,,,,3.75,,KL D-22,Kings Landing Delivery-2022-005 Storage,Task 3,,,,,,,,,,,"By the old gods, and the new",approved,,
c_lannister@las.com,,Cerse,Lannister,0,Lannister Advisery Services,3/6/2024,Wed,,,,0.25,,KL F-20,Kings Landing Food-2020-008 Storage,Task 1,,,,,,,,,,,"By the old gods, and the new",approved,,
c_lannister@las.com,,Cerse,Lannister,0,Lannister Advisery Services,3/6/2024,Wed,,,,0.5,,KL D-19,Kings Landing Delivery-2019-001 Admin,,,,,,,,,,,,,approved,,
c_lannister@las.com,,Cerse,Lannister,0,Lannister Advisery Services,3/6/2024,Wed,,,,1,,KL D-22,Kings Landing Delivery-2022-003 Planning,Task 3,,,,,,,,,,,Winter is coming,approved,,
c_lannister@las.com,,Cerse,Lannister,0,Lannister Advisery Services,3/6/2024,Wed,,,,1.5,,KL D-19,Kings Landing Delivery-2019-003 Planning,Task 3,,,,,,,,,,,Winter is coming,approved,,
c_lannister@las.com,,Cerse,Lannister,0,Lannister Advisery Services,3/6/2024,Wed,,,,1.75,,KL D-22,Kings Landing Delivery-2022-005 Storage,Task 2,,,,,,,,,,,Winter is coming,approved,,
c_lannister@las.com,,Cerse,Lannister,0,Lannister Advisery Services,3/6/2024,Wed,,,,1.75,,KL D-22,Kings Landing Delivery-2022-001 Admin,,,,,,,,,,,,Winter is coming,approved,,
c_lannister@las.com,,Cerse,Lannister,0,Lannister Advisery Services,3/6/2024,Wed,,,,1.75,,KL D-19,Kings Landing Delivery-2019-004 Allotment,Task 2,,,,,,,,,,,Winter is coming,approved,,
jlannister,,Jaimie,Lannister,0,Lannister Advisery Services,3/6/2024,Wed,,,,0.25,,KL F-20,Kings Landing Food-2020-002 Strategy,Task 1,,,,,,,,,,,Winter is coming,approved,,
jlannister,,Jaimie,Lannister,0,Lannister Advisery Services,3/6/2024,Wed,,,,0.25,,KL D-19,Kings Landing Delivery-2019-001 Admin,,,,,,,,,,,,Winter is coming,approved,,
jlannister,,Jaimie,Lannister,0,Lannister Advisery Services,3/6/2024,Wed,,,,0.5,,KL R-22,Kings Landing Regency-2022-004 Execution,Task 2,,,,,,,,,,,Winter is coming,approved,,
jlannister,,Jaimie,Lannister,0,Lannister Advisery Services,3/6/2024,Wed,,,,0.5,,KL D-19,Kings Landing Delivery-2019-003 Planning,Task 1,,,,,,,,,,,Winter is coming,approved,,
jlannister,,Jaimie,Lannister,0,Lannister Advisery Services,3/6/2024,Wed,,,,0.5,,KL D-22,Kings Landing Delivery-2022-003 Planning,Task 2,,,,,,,,,,,Winter is coming,approved,,
jlannister,,Jaimie,Lannister,0,Lannister Advisery Services,3/6/2024,Wed,,,,0.5,,KL D-22,Kings Landing Delivery-2022-001 Admin,,,,,,,,,,,,Winter is coming,approved,,
jlannister,,Jaimie,Lannister,0,Lannister Advisery Services,3/6/2024,Wed,,,,1.25,,KL D-22,Kings Landing Delivery-2022-003 Planning,Task 3,,,,,,,,,,,,approved,,
jlannister,,Jaimie,Lannister,0,Lannister Advisery Services,3/6/2024,Wed,,,,1.5,,KL D-22,Kings Landing Delivery-2022-007 Procurement,Task 3,,,,,,,,,,,,approved,,
jlannister,,Jaimie,Lannister,0,Lannister Advisery Services,3/6/2024,Wed,,,,1.75,,KL D-22,Kings Landing Delivery-2022-005 Storage,Task 2,,,,,,,,,,,,approved,,
jlannister,,Jaimie,Lannister,0,Lannister Advisery Services,3/6/2024,Wed,,,,3.25,,KL D-22,Kings Landing Delivery-2022-010 Expansion,Task 2,,,,,,,,,,,"By the old gods, and the new",approved,,
silent_payne@gmail.com,,Ilyn,Payne,0,SME/Contractor,3/6/2024,Wed,,,,0.5,,KL C-20,Kings Landing Delivery-2022-005 Storage,Task 2,,,,,,,,,,,"By the old gods, and the new",approved,,
not_today@gmail.com,,Syrio,Forel,0,SME/Contractor,3/7/2024,Thu,,,,4,,KL D-22,Kings Landing Delivery-2022-001 Admin,,,,,,,,,,,,"By the old gods, and the new",approved,,
mtyrell,,Margaery,Tyrell,0,Lannister Advisery Services,3/7/2024,Thu,,,,1.5,,KL D-22,Kings Landing Delivery-2022-007 Procurement,Task 3,,,,,,,,,,,"By the old gods, and the new",approved,,
tlannister2@las.com,,Tyrion,Lannister,0,Lannister Advisery Services,3/7/2024,Thu,,,,1,,KL D-22,Kings Landing Delivery-2022-008 Payment,Task 2,,,,,,,,,,,,approved,,
tlannister2@las.com,,Tyrion,Lannister,0,Lannister Advisery Services,3/7/2024,Thu,,,,1.5,,KL D-19,Kings Landing Delivery-2019-003 Planning,Task 4,,,,,,,,,,,,approved,,
tlannister2@las.com,,Tyrion,Lannister,0,Lannister Advisery Services,3/7/2024,Thu,,,,2,,KL C-20,Kings Landing Construction-2020-006 Assembly,Task 2,,,,,,,,,,,,approved,,
tlannister2@las.com,,Tyrion,Lannister,0,Lannister Advisery Services,3/7/2024,Thu,,,,3,,KL F-20,Kings Landing Food-2020-007 Yield,Task 3,,,,,,,,,,,Winter is coming,approved,,
c_lannister@las.com,,Cerse,Lannister,0,Lannister Advisery Services,3/7/2024,Thu,,,,0.5,,KL D-22,Kings Landing Delivery-2022-005 Storage,Task 2,,,,,,,,,,,,approved,,
c_lannister@las.com,,Cerse,Lannister,0,Lannister Advisery Services,3/7/2024,Thu,,,,0.75,,KL C-20,Kings Landing Construction-2020-006 Assembly,Task 4,,,,,,,,,,,Hodor,approved,,
c_lannister@las.com,,Cerse,Lannister,0,Lannister Advisery Services,3/7/2024,Thu,,,,1,,KL C-20,Kings Landing Construction-2020-006 Assembly,Task 2,,,,,,,,,,,,approved,,
c_lannister@las.com,,Cerse,Lannister,0,Lannister Advisery Services,3/7/2024,Thu,,,,1.5,,KL D-19,Kings Landing Delivery-2019-003 Planning,Task 1,,,,,,,,,,,,approved,,
jlannister,,Jaimie,Lannister,0,Lannister Advisery Services,3/7/2024,Thu,,,,0.25,,KL D-22,Kings Landing Delivery-2022-003 Planning,Task 2,,,,,,,,,,,A Lannister always pays their debts,approved,,
jlannister,,Jaimie,Lannister,0,Lannister Advisery Services,3/7/2024,Thu,,,,0.25,,KL C-22,Kings Landing Construction-2020-003 Planning,Task 2,,,,,,,,,,,A Lannister always pays their debts,approved,,
jlannister,,Jaimie,Lannister,0,Lannister Advisery Services,3/7/2024,Thu,,,,0.5,,KL R-22,Kings Landing Regency-2022-004 Execution,Task 2,,,,,,,,,,,A Lannister always pays their debts,approved,,
jlannister,,Jaimie,Lannister,0,Lannister Advisery Services,3/7/2024,Thu,,,,0.5,,KL D-22,Kings Landing Delivery-2022-008 Payment,Task 2,,,,,,,,,,,A Lannister always pays their debts,approved,,
jlannister,,Jaimie,Lannister,0,Lannister Advisery Services,3/7/2024,Thu,,,,1,,KL C-20,Kings Landing Construction-2020-006 Assembly,Task 4,,,,,,,,,,,A Lannister always pays their debts,approved,,
jlannister,,Jaimie,Lannister,0,Lannister Advisery Services,3/7/2024,Thu,,,,1,,KL R-22,Kings Landing Regency-2022-002 Coord,,,,,,,,,,,,,approved,,
jlannister,,Jaimie,Lannister,0,Lannister Advisery Services,3/7/2024,Thu,,,,2.75,,KL D-19,Kings Landing Delivery-2019-003 Planning,Task 1,,,,,,,,,,,,approved,,
jlannister,,Jaimie,Lannister,0,Lannister Advisery Services,3/7/2024,Thu,,,,6,,KL D-22,Kings Landing Delivery-2022-007 Procurement,Task 3,,,,,,,,,,,,approved,,
balong,,Balon,Greyjoy,0,SME/Contractor,3/8/2024,Fri,,,,1.5,,KL D-19,Kings Landing Delivery-2019-003 Planning,Task 3,,,,,,,,,,,Winter is coming,approved,,
not_today@gmail.com,,Syrio,Forel,0,SME/Contractor,3/8/2024,Fri,,,,7.25,,KL D-22,Kings Landing Delivery-2022-001 Admin,,,,,,,,,,,,Winter is coming,approved,,
mtyrell,,Margaery,Tyrell,0,Lannister Advisery Services,3/8/2024,Fri,,,,0.5,,KL D-22,Kings Landing Delivery-2022-007 Procurement,Task 3,,,,,,,,,,,Winter is coming,approved,,
theong,,Theon,Greyjoy,0,SME/Contractor,3/8/2024,Fri,,,,1,,KL D-19,Kings Landing Delivery-2019-003 Planning,Task 3,,,,,,,,,,,Winter is coming,approved,,
tlannister2@las.com,,Tyrion,Lannister,0,Lannister Advisery Services,3/8/2024,Fri,,,,0.25,,KL D-22,Kings Landing Delivery-2022-005 Storage,Task 3,,,,,,,,,,,Winter is coming,approved,,
tlannister2@las.com,,Tyrion,Lannister,0,Lannister Advisery Services,3/8/2024,Fri,,,,0.25,,KL D-22,Kings Landing Delivery-2022-007 Procurement,Task 3,,,,,,,,,,,Winter is coming,approved,,
tlannister2@las.com,,Tyrion,Lannister,0,Lannister Advisery Services,3/8/2024,Fri,,,,0.5,,KL D-22,Kings Landing Delivery-2022-003 Planning,Task 3,,,,,,,,,,,Winter is coming,approved,,
tlannister2@las.com,,Tyrion,Lannister,0,Lannister Advisery Services,3/8/2024,Fri,,,,0.5,,KL D-22,Kings Landing Delivery-2022-008 Payment,Task 2,,,,,,,,,,,Winter is coming,approved,,
tlannister2@las.com,,Tyrion,Lannister,0,Lannister Advisery Services,3/8/2024,Fri,,,,0.5,,KL R-22,Kings Landing Regency-2022-004 Execution,Task 2,,,,,,,,,,,Winter is coming,approved,,
tlannister2@las.com,,Tyrion,Lannister,0,Lannister Advisery Services,3/8/2024,Fri,,,,0.5,,KL D-19,Kings Landing Delivery-2019-004 Allotment,Task 4,,,,,,,,,,,Winter is coming,approved,,
tlannister2@las.com,,Tyrion,Lannister,0,Lannister Advisery Services,3/8/2024,Fri,,,,0.5,,KL D-22,Kings Landing Delivery-2022-006 Distribution,Task 3,,,,,,,,,,,,approved,,
tlannister2@las.com,,Tyrion,Lannister,0,Lannister Advisery Services,3/8/2024,Fri,,,,1,,KL D-19,Kings Landing Delivery-2019-003 Planning,Task 4,,,,,,,,,,,,approved,,
tlannister2@las.com,,Tyrion,Lannister,0,Lannister Advisery Services,3/8/2024,Fri,,,,1,,KL C-20,Kings Landing Construction-2020-006 Assembly,Task 2,,,,,,,,,,,"By the old gods, and the new",approved,,
jlannister,,Jaimie,Lannister,0,Lannister Advisery Services,3/8/2024,Fri,,,,0.25,,KL F-20,Kings Landing Food-2020-009 Distribution,Task 1,,,,,,,,,,,"By the old gods, and the new",approved,,
c_lannister@las.com,,Cerse,Lannister,0,Lannister Advisery Services,3/8/2024,Fri,,,,0.75,,KL R-22,Kings Landing Regency-2022-004 Execution,Task 1,,,,,,,,,,,"By the old gods, and the new",approved,,
c_lannister@las.com,,Cerse,Lannister,0,Lannister Advisery Services,3/8/2024,Fri,,,,1.25,,KL D-19,Kings Landing Delivery-2019-004 Allotment,Task 2,,,,,,,,,,,"By the old gods, and the new",approved,,
c_lannister@las.com,,Cerse,Lannister,0,Lannister Advisery Services,3/8/2024,Fri,,,,1.5,,KL D-19,Kings Landing Delivery-2019-003 Planning,Task 4,,,,,,,,,,,,approved,,
c_lannister@las.com,,Cerse,Lannister,0,Lannister Advisery Services,3/8/2024,Fri,,,,3,,KL D-22,Kings Landing Delivery-2022-007 Procurement,Task 2,,,,,,,,,,,What do we say to do the god of death? Not today.,approved,,
bronn,,Bronn,,0,Lannister Advisery Services,3/8/2024,Fri,,,,0.5,,KL D-22,Kings Landing Delivery-2022-006 Distribution,Task 1,,,,,,,,,,,What do we say to do the god of death? Not today.,approved,,
bronn,,Bronn,,0,Lannister Advisery Services,3/8/2024,Fri,,,,1,,KL D-22,Kings Landing Delivery-2022-003 Planning,Task 1,,,,,,,,,,,,approved,,
bronn,,Bronn,,0,Lannister Advisery Services,3/8/2024,Fri,,,,1,,KL D-22,Kings Landing Delivery-2022-008 Payment,Task 1,,,,,,,,,,,Winter is coming,approved,,
bronn,,Bronn,,0,Lannister Advisery Services,3/8/2024,Fri,,,,1,,KL C-20,Kings Landing Construction-2020-006 Assembly,Task 1,,,,,,,,,,,Winter is coming,approved,,
bronn,,Bronn,,0,Lannister Advisery Services,3/8/2024,Fri,,,,1,,KL D-22,Kings Landing Delivery-2022-001 Admin,,,,,,,,,,,,Winter is coming,approved,,
bronn,,Bronn,,0,Lannister Advisery Services,3/8/2024,Fri,,,,1,,KL R-22,Kings Landing Regency-2022-001 Admin,,,,,,,,,,,,Winter is coming,approved,,
jlannister,,Jaimie,Lannister,0,Lannister Advisery Services,3/8/2024,Fri,,,,0.25,,KL D-19,Kings Landing Delivery-2019-003 Planning,Task 1,,,,,,,,,,,Winter is coming,approved,,
jlannister,,Jaimie,Lannister,0,Lannister Advisery Services,3/8/2024,Fri,,,,0.25,,KL D-19,Kings Landing Delivery-2019-004 Allotment,Task 1,,,,,,,,,,,Winter is coming,approved,,
jlannister,,Jaimie,Lannister,0,Lannister Advisery Services,3/8/2024,Fri,,,,0.25,,KL D-22,Kings Landing Delivery-2022-003 Planning,Task 1,,,,,,,,,,,Winter is coming,approved,,
jlannister,,Jaimie,Lannister,0,Lannister Advisery Services,3/8/2024,Fri,,,,0.25,,KL D-22,Kings Landing Delivery-2022-005 Storage,Task 1,,,,,,,,,,,Winter is coming,approved,,
jlannister,,Jaimie,Lannister,0,Lannister Advisery Services,3/8/2024,Fri,,,,0.25,,KL D-22,Kings Landing Delivery-2022-006 Distribution,Task 1,,,,,,,,,,,,approved,,
jlannister,,Jaimie,Lannister,0,Lannister Advisery Services,3/8/2024,Fri,,,,0.25,,KL D-22,Kings Landing Delivery-2022-007 Procurement,Task 1,,,,,,,,,,,,approved,,
jlannister,,Jaimie,Lannister,0,Lannister Advisery Services,3/8/2024,Fri,,,,0.25,,KL D-22,Kings Landing Delivery-2022-008 Payment,Task 1,,,,,,,,,,,,approved,,
jlannister,,Jaimie,Lannister,0,Lannister Advisery Services,3/8/2024,Fri,,,,0.25,,KL C-20,Kings Landing Construction-2020-006 Assembly,Task 1,,,,,,,,,,,A Lannister always pays their debts,approved,,
jlannister,,Jaimie,Lannister,0,Lannister Advisery Services,3/8/2024,Fri,,,,0.25,,KL C-22,Kings Landing Construction-2020-003 Planning,Task 1,,,,,,,,,,,A Lannister always pays their debts,approved,,
jlannister,,Jaimie,Lannister,0,Lannister Advisery Services,3/8/2024,Fri,,,,0.5,,KL R-22,Kings Landing Regency-2022-004 Execution,Task 2,,,,,,,,,,,A Lannister always pays their debts,approved,,
jlannister,,Jaimie,Lannister,0,Lannister Advisery Services,3/8/2024,Fri,,,,0.5,,KL D-19,Kings Landing Delivery-2019-004 Allotment,Task 1,,,,,,,,,,,A Lannister always pays their debts,approved,,
jlannister,,Jaimie,Lannister,0,Lannister Advisery Services,3/8/2024,Fri,,,,0.5,,KL D-22,Kings Landing Delivery-2022-008 Payment,Task 1,,,,,,,,,,,A Lannister always pays their debts,approved,,
jlannister,,Jaimie,Lannister,0,Lannister Advisery Services,3/8/2024,Fri,,,,2.25,,KL D-19,Kings Landing Delivery-2019-003 Planning,Task 3,,,,,,,,,,,A Lannister always pays their debts,approved,,
jlannister,,Jaimie,Lannister,0,Lannister Advisery Services,3/8/2024,Fri,,,,3.75,,KL D-22,Kings Landing Delivery-2022-007 Procurement,Task 3,,,,,,,,,,,,approved,,
jlannister,,Jaimie,Lannister,0,Lannister Advisery Services,3/8/2024,Fri,,,,0.25,,KL D-22,Kings Landing Delivery-2022-010 Expansion,Task 1,,,,,,,,,,,,approved,,
tlannister2@las.com,,Tyrion,Lannister,0,Lannister Advisery Services,3/11/2024,Mon,,,,0.25,,KL F-20,Kings Landing Food-2020-006 Harvest,Task 1,,,,,,,,,,,,approved,,
tlannister2@las.com,,Tyrion,Lannister,0,Lannister Advisery Services,3/11/2024,Mon,,,,0.25,,KL F-20,Kings Landing Food-2020-007 Yield,Task 3,,,,,,,,,,,Winter is coming,approved,,
tlannister2@las.com,,Tyrion,Lannister,0,Lannister Advisery Services,3/11/2024,Mon,,,,0.25,,KL F-20,Kings Landing Food-2020-008 Storage,Task 1,,,,,,,,,,,Winter is coming,approved,,
tlannister2@las.com,,Tyrion,Lannister,0,Lannister Advisery Services,3/11/2024,Mon,,,,0.25,,KL D-19,Kings Landing Delivery-2019-003 Planning,Task 4,,,,,,,,,,,Winter is coming,approved,,
tlannister2@las.com,,Tyrion,Lannister,0,Lannister Advisery Services,3/11/2024,Mon,,,,0.25,,KL D-19,Kings Landing Delivery-2019-004 Allotment,Task 4,,,,,,,,,,,Winter is coming,approved,,
tlannister2@las.com,,Tyrion,Lannister,0,Lannister Advisery Services,3/11/2024,Mon,,,,0.25,,KL D-22,Kings Landing Delivery-2022-003 Planning,Task 3,,,,,,,,,,,Winter is coming,approved,,
tlannister2@las.com,,Tyrion,Lannister,0,Lannister Advisery Services,3/11/2024,Mon,,,,0.25,,KL D-22,Kings Landing Delivery-2022-007 Procurement,Task 3,,,,,,,,,,,Winter is coming,approved,,
tlannister2@las.com,,Tyrion,Lannister,0,Lannister Advisery Services,3/11/2024,Mon,,,,0.25,,KL D-22,Kings Landing Delivery-2022-008 Payment,Task 2,,,,,,,,,,,Winter is coming,approved,,
tlannister2@las.com,,Tyrion,Lannister,0,Lannister Advisery Services,3/11/2024,Mon,,,,0.25,,KL C-20,Kings Landing Construction-2020-006 Assembly,Task 2,,,,,,,,,,,Winter is coming,approved,,
tlannister2@las.com,,Tyrion,Lannister,0,Lannister Advisery Services,3/11/2024,Mon,,,,0.25,,KL F-20,Kings Landing Food-2020-005 Growth,Task 3,,,,,,,,,,,Winter is coming,approved,,
tlannister2@las.com,,Tyrion,Lannister,0,Lannister Advisery Services,3/11/2024,Mon,,,,0.5,,KL D-22,Kings Landing Delivery-2022-005 Storage,Task 3,,,,,,,,,,,Winter is coming,approved,,
tlannister2@las.com,,Tyrion,Lannister,0,Lannister Advisery Services,3/11/2024,Mon,,,,0.5,,KL F-20,Kings Landing Food-2020-002 Strategy,Task 2,,,,,,,,,,,Winter is coming,approved,,
tlannister2@las.com,,Tyrion,Lannister,0,Lannister Advisery Services,3/11/2024,Mon,,,,0.5,,KL D-22,Kings Landing Delivery-2022-006 Distribution,Task 3,,,,,,,,,,,Winter is coming,approved,,
tlannister2@las.com,,Tyrion,Lannister,0,Lannister Advisery Services,3/11/2024,Mon,,,,1,,KL C-20,Kings Landing Delivery-2022-005 Storage,Task 3,,,,,,,,,,,What do we say to do the god of death? Not today.,approved,,
tlannister2@las.com,,Tyrion,Lannister,0,Lannister Advisery Services,3/11/2024,Mon,,,,1.5,,KL C-20,Kings Landing Delivery-2022-005 Storage,Task 2,,,,,,,,,,,What do we say to do the god of death? Not today.,approved,,
c_lannister@las.com,,Cerse,Lannister,0,Lannister Advisery Services,3/11/2024,Mon,,,,0.25,,KL C-20,Kings Landing Construction-2020-006 Assembly,Task 2,,,,,,,,,,,What do we say to do the god of death? Not today.,approved,,
c_lannister@las.com,,Cerse,Lannister,0,Lannister Advisery Services,3/11/2024,Mon,,,,0.25,,KL D-22,Kings Landing Delivery-2022-008 Payment,Task 1,,,,,,,,,,,,approved,,
c_lannister@las.com,,Cerse,Lannister,0,Lannister Advisery Services,3/11/2024,Mon,,,,0.75,,KL D-22,Kings Landing Delivery-2022-005 Storage,Task 2,,,,,,,,,,,A Lannister always pays their debts,approved,,
c_lannister@las.com,,Cerse,Lannister,0,Lannister Advisery Services,3/11/2024,Mon,,,,0.75,,KL D-19,Kings Landing Delivery-2019-003 Planning,Task 1,,,,,,,,,,,A Lannister always pays their debts,approved,,
c_lannister@las.com,,Cerse,Lannister,0,Lannister Advisery Services,3/11/2024,Mon,,,,1.25,,KL D-22,Kings Landing Delivery-2022-005 Storage,Task 2,,,,,,,,,,,A Lannister always pays their debts,approved,,
bronn,,Bronn,,0,Lannister Advisery Services,3/11/2024,Mon,,,,0.25,,KL F-20,Kings Landing Food-2020-002 Strategy,Task 1,,,,,,,,,,,A Lannister always pays their debts,approved,,
bronn,,Bronn,,0,Lannister Advisery Services,3/11/2024,Mon,,,,0.25,,KL F-20,Kings Landing Food-2020-008 Storage,Task 1,,,,,,,,,,,A Lannister always pays their debts,approved,,
bronn,,Bronn,,0,Lannister Advisery Services,3/11/2024,Mon,,,,0.25,,KL F-20,Kings Landing Food-2020-007 Yield,Task 1,,,,,,,,,,,A Lannister always pays their debts,approved,,
bronn,,Bronn,,0,Lannister Advisery Services,3/11/2024,Mon,,,,0.25,,KL F-20,Kings Landing Food-2020-005 Growth,Task 1,,,,,,,,,,,A Lannister always pays their debts,approved,,
bronn,,Bronn,,0,Lannister Advisery Services,3/11/2024,Mon,,,,0.5,,KL C-21,Kings Landing Construction-2021-001 Admin,,,,,,,,,,,,,approved,,
bronn,,Bronn,,0,Lannister Advisery Services,3/11/2024,Mon,,,,0.5,,KL D-22,Kings Landing Delivery-2022-003 Planning,Task 1,,,,,,,,,,,,approved,,
bronn,,Bronn,,0,Lannister Advisery Services,3/11/2024,Mon,,,,0.5,,KL D-22,Kings Landing Delivery-2022-008 Payment,Task 1,,,,,,,,,,,"By the old gods, and the new",approved,,
bronn,,Bronn,,0,Lannister Advisery Services,3/11/2024,Mon,,,,0.5,,KL D-22,Kings Landing Delivery-2022-005 Storage,Task 1,,,,,,,,,,,"By the old gods, and the new",approved,,
bronn,,Bronn,,0,Lannister Advisery Services,3/11/2024,Mon,,,,0.75,,KL C-20,Kings Landing Construction-2020-001 Admin,,,,,,,,,,,,"By the old gods, and the new",approved,,
bronn,,Bronn,,0,Lannister Advisery Services,3/11/2024,Mon,,,,0.75,,KL C-22,Kings Landing Construction-2022-001 Admin,,,,,,,,,,,,,approved,,
tlannister2@las.com,,Tyrion,Lannister,0,Lannister Advisery Services,3/11/2024,Mon,,,,1,,KL D-22,Kings Landing Delivery-2022-010 Expansion,Task 2,,,,,,,,,,,,approved,,
jlannister,,Jaimie,Lannister,0,Lannister Advisery Services,3/11/2024,Mon,,,,0.25,,KL D-22,Kings Landing Delivery-2022-008 Payment,Task 2,,,,,,,,,,,Winter is coming,approved,,
jlannister,,Jaimie,Lannister,0,Lannister Advisery Services,3/11/2024,Mon,,,,0.25,,KL D-19,Kings Landing Delivery-2019-004 Allotment,Task 1,,,,,,,,,,,Winter is coming,approved,,
jlannister,,Jaimie,Lannister,0,Lannister Advisery Services,3/11/2024,Mon,,,,0.25,,KL D-22,Kings Landing Delivery-2022-003 Planning,Task 1,,,,,,,,,,,Winter is coming,approved,,
jlannister,,Jaimie,Lannister,0,Lannister Advisery Services,3/11/2024,Mon,,,,0.25,,KL D-22,Kings Landing Delivery-2022-005 Storage,Task 1,,,,,,,,,,,Winter is coming,approved,,
jlannister,,Jaimie,Lannister,0,Lannister Advisery Services,3/11/2024,Mon,,,,0.25,,KL D-22,Kings Landing Delivery-2022-007 Procurement,Task 1,,,,,,,,,,,Winter is coming,approved,,
jlannister,,Jaimie,Lannister,0,Lannister Advisery Services,3/11/2024,Mon,,,,0.25,,KL D-22,Kings Landing Delivery-2022-008 Payment,Task 1,,,,,,,,,,,Winter is coming,approved,,
jlannister,,Jaimie,Lannister,0,Lannister Advisery Services,3/11/2024,Mon,,,,0.25,,KL C-20,Kings Landing Construction-2020-006 Assembly,Task 1,,,,,,,,,,,Winter is coming,approved,,
jlannister,,Jaimie,Lannister,0,Lannister Advisery Services,3/11/2024,Mon,,,,0.5,,KL C-22,Kings Landing Construction-2020-003 Planning,Task 2,,,,,,,,,,,Winter is coming,approved,,
jlannister,,Jaimie,Lannister,0,Lannister Advisery Services,3/11/2024,Mon,,,,1.5,,KL D-19,Kings Landing Delivery-2019-003 Planning,Task 3,,,,,,,,,,,Winter is coming,approved,,
jlannister,,Jaimie,Lannister,0,Lannister Advisery Services,3/11/2024,Mon,,,,5,,KL D-22,Kings Landing Delivery-2022-007 Procurement,Task 3,,,,,,,,,,,,approved,,
jlannister,,Jaimie,Lannister,0,Lannister Advisery Services,3/11/2024,Mon,,,,0.5,,KL D-22,Kings Landing Delivery-2022-010 Expansion,Task 2,,,,,,,,,,,What do we say to do the god of death? Not today.,approved,,
silent_payne@gmail.com,,Ilyn,Payne,0,SME/Contractor,3/11/2024,Mon,,,,1.25,,KL C-20,Kings Landing Delivery-2022-005 Storage,Task 2,,,,,,,,,,,What do we say to do the god of death? Not today.,approved,,
tlannister2@las.com,,Tyrion,Lannister,0,Lannister Advisery Services,3/12/2024,Tue,,,,0.5,,KL D-19,Kings Landing Delivery-2019-003 Planning,Task 4,,,,,,,,,,,,approved,,
tlannister2@las.com,,Tyrion,Lannister,0,Lannister Advisery Services,3/12/2024,Tue,,,,1,,KL D-22,Kings Landing Delivery-2022-006 Distribution,Task 3,,,,,,,,,,,A Lannister always pays their debts,approved,,
tlannister2@las.com,,Tyrion,Lannister,0,Lannister Advisery Services,3/12/2024,Tue,,,,2.5,,KL D-22,Kings Landing Delivery-2022-005 Storage,Task 3,,,,,,,,,,,A Lannister always pays their debts,approved,,
tlannister2@las.com,,Tyrion,Lannister,0,Lannister Advisery Services,3/12/2024,Tue,,,,2.5,,KL F-20,Kings Landing Food-2020-006 Harvest,Task 1,,,,,,,,,,,A Lannister always pays their debts,approved,,
c_lannister@las.com,,Cerse,Lannister,0,Lannister Advisery Services,3/12/2024,Tue,,,,3,,KL D-22,Kings Landing Delivery-2022-005 Storage,Task 2,,,,,,,,,,,A Lannister always pays their debts,approved,,
bronn,,Bronn,,0,Lannister Advisery Services,3/12/2024,Tue,,,,0.75,,KL D-22,Kings Landing Delivery-2022-003 Planning,Task 1,,,,,,,,,,,A Lannister always pays their debts,approved,,
bronn,,Bronn,,0,Lannister Advisery Services,3/12/2024,Tue,,,,2,,KL D-22,Kings Landing Delivery-2022-007 Procurement,Task 1,,,,,,,,,,,,approved,,
jlannister,,Jaimie,Lannister,0,Lannister Advisery Services,3/12/2024,Tue,,,,0.25,,KL D-22,Kings Landing Delivery-2022-008 Payment,Task 1,,,,,,,,,,,,approved,,
jlannister,,Jaimie,Lannister,0,Lannister Advisery Services,3/12/2024,Tue,,,,0.25,,KL D-19,Kings Landing Delivery-2019-004 Allotment,Task 1,,,,,,,,,,,,approved,,
jlannister,,Jaimie,Lannister,0,Lannister Advisery Services,3/12/2024,Tue,,,,0.25,,KL D-19,Kings Landing Delivery-2019-003 Planning,Task 3,,,,,,,,,,,,approved,,
jlannister,,Jaimie,Lannister,0,Lannister Advisery Services,3/12/2024,Tue,,,,0.5,,KL D-22,Kings Landing Delivery-2022-001 Admin,,,,,,,,,,,,,approved,,
jlannister,,Jaimie,Lannister,0,Lannister Advisery Services,3/12/2024,Tue,,,,0.75,,KL C-20,Kings Landing Construction-2020-006 Assembly,Task 4,,,,,,,,,,,Winter is coming,approved,,
jlannister,,Jaimie,Lannister,0,Lannister Advisery Services,3/12/2024,Tue,,,,0.75,,KL D-22,Kings Landing Delivery-2022-007 Procurement,Task 3,,,,,,,,,,,Winter is coming,approved,,
jlannister,,Jaimie,Lannister,0,Lannister Advisery Services,3/12/2024,Tue,,,,1,,KL D-22,Kings Landing Delivery-2022-008 Payment,Task 2,,,,,,,,,,,Winter is coming,approved,,
jlannister,,Jaimie,Lannister,0,Lannister Advisery Services,3/12/2024,Tue,,,,1.5,,KL D-22,Kings Landing Delivery-2022-005 Storage,Task 2,,,,,,,,,,,Winter is coming,approved,,
jlannister,,Jaimie,Lannister,0,Lannister Advisery Services,3/12/2024,Tue,,,,2,,KL D-22,Kings Landing Delivery-2022-003 Planning,Task 2,,,,,,,,,,,Winter is coming,approved,,
tlannister@las.com,,Tywin,Lannister,0,Lannister Advisery Services,3/12/2024,Tue,,,,1,,KL C-20,Kings Landing Construction-2020-001 Admin,,,,,,,,,,,,Winter is coming,approved,,
silent_payne@gmail.com,,Ilyn,Payne,0,SME/Contractor,3/12/2024,Tue,,,,2.25,,KL C-20,Kings Landing Delivery-2022-005 Storage,Task 2,,,,,,,,,,,Winter is coming,approved,,
SELMYBARRISTAN@AOL.COM,,Barristan,Selmy,0,SME/Contractor,3/12/2024,Tue,,,,4,,KL D-22,Kings Landing Delivery-2022-003 Planning,Task 2,,,,,,,,,,,Winter is coming,approved,,
SELMYBARRISTAN@AOL.COM,,Barristan,Selmy,0,SME/Contractor,3/12/2024,Tue,3/12/2024 11:00,3/12/2024 12:00,-4,1,,KL D-22,Kings Landing Delivery-2022-003 Planning,Task 2,,,,,,,,,,,Winter is coming,approved,,
mtyrell,,Margaery,Tyrell,0,Lannister Advisery Services,3/13/2024,Wed,,,,3,,KL D-22,Kings Landing Delivery-2022-007 Procurement,Task 3,,,,,,,,,,,Winter is coming,approved,,
tlannister2@las.com,,Tyrion,Lannister,0,Lannister Advisery Services,3/13/2024,Wed,,,,0.25,,KL D-19,Kings Landing Delivery-2019-003 Planning,Task 4,,,,,,,,,,,Winter is coming,approved,,
tlannister2@las.com,,Tyrion,Lannister,0,Lannister Advisery Services,3/13/2024,Wed,,,,1,,KL F-20,Kings Landing Food-2020-007 Yield,Task 3,,,,,,,,,,,Winter is coming,approved,,
tlannister2@las.com,,Tyrion,Lannister,0,Lannister Advisery Services,3/13/2024,Wed,,,,1,,KL D-22,Kings Landing Delivery-2022-003 Planning,Task 3,,,,,,,,,,,Winter is coming,approved,,
tlannister2@las.com,,Tyrion,Lannister,0,Lannister Advisery Services,3/13/2024,Wed,,,,1,,KL D-22,Kings Landing Delivery-2022-006 Distribution,Task 3,,,,,,,,,,,Winter is coming,approved,,
tlannister2@las.com,,Tyrion,Lannister,0,Lannister Advisery Services,3/13/2024,Wed,,,,1,,KL D-22,Kings Landing Delivery-2022-007 Procurement,Task 3,,,,,,,,,,,,approved,,
tlannister2@las.com,,Tyrion,Lannister,0,Lannister Advisery Services,3/13/2024,Wed,,,,1,,KL R-22,Kings Landing Regency-2022-004 Execution,Task 2,,,,,,,,,,,,approved,,
tlannister2@las.com,,Tyrion,Lannister,0,Lannister Advisery Services,3/13/2024,Wed,,,,2,,KL F-20,Kings Landing Food-2020-006 Harvest,Task 1,,,,,,,,,,,,approved,,
tlannister2@las.com,,Tyrion,Lannister,0,Lannister Advisery Services,3/13/2024,Wed,,,,2.25,,KL D-22,Kings Landing Delivery-2022-005 Storage,Task 3,,,,,,,,,,,,approved,,
c_lannister@las.com,,Cerse,Lannister,0,Lannister Advisery Services,3/13/2024,Wed,,,,0.75,,KL D-22,Kings Landing Delivery-2022-005 Storage,Task 2,,,,,,,,,,,A Lannister always pays their debts,approved,,
c_lannister@las.com,,Cerse,Lannister,0,Lannister Advisery Services,3/13/2024,Wed,,,,1,,KL C-20,Kings Landing Construction-2020-001 Admin,,,,,,,,,,,,A Lannister always pays their debts,approved,,
c_lannister@las.com,,Cerse,Lannister,0,Lannister Advisery Services,3/13/2024,Wed,,,,1.5,,KL D-19,Kings Landing Delivery-2019-003 Planning,Task 3,,,,,,,,,,,A Lannister always pays their debts,approved,,
c_lannister@las.com,,Cerse,Lannister,0,Lannister Advisery Services,3/13/2024,Wed,,,,4.5,,KL D-22,Kings Landing Delivery-2022-007 Procurement,Task 3,,,,,,,,,,,A Lannister always pays their debts,approved,,
bronn,,Bronn,,0,Lannister Advisery Services,3/13/2024,Wed,,,,0.25,,KL F-20,Kings Landing Food-2020-001 Admin,,,,,,,,,,,,A Lannister always pays their debts,approved,,
bronn,,Bronn,,0,Lannister Advisery Services,3/13/2024,Wed,,,,0.25,,KL C-22,Kings Landing Construction-2022-001 Admin,,,,,,,,,,,,A Lannister always pays their debts,approved,,
bronn,,Bronn,,0,Lannister Advisery Services,3/13/2024,Wed,,,,0.25,,KL C-21,Kings Landing Construction-2021-001 Admin,,,,,,,,,,,,,approved,,
bronn,,Bronn,,0,Lannister Advisery Services,3/13/2024,Wed,,,,0.5,,KL C-20,Kings Landing Construction-2020-001 Admin,,,,,,,,,,,,,approved,,
bronn,,Bronn,,0,Lannister Advisery Services,3/13/2024,Wed,,,,0.5,,KL R-22,Kings Landing Regency-2022-001 Admin,,,,,,,,,,,,"By the old gods, and the new",approved,,
bronn,,Bronn,,0,Lannister Advisery Services,3/13/2024,Wed,,,,0.5,,KL D-19,Kings Landing Delivery-2019-001 Admin,,,,,,,,,,,,"By the old gods, and the new",approved,,
bronn,,Bronn,,0,Lannister Advisery Services,3/13/2024,Wed,,,,1,,KL D-22,Kings Landing Delivery-2022-008 Payment,Task 1,,,,,,,,,,,"By the old gods, and the new",approved,,
bronn,,Bronn,,0,Lannister Advisery Services,3/13/2024,Wed,,,,1,,KL D-22,Kings Landing Delivery-2022-001 Admin,,,,,,,,,,,,"By the old gods, and the new",approved,,
bronn,,Bronn,,0,Lannister Advisery Services,3/13/2024,Wed,,,,2,,KL D-22,Kings Landing Delivery-2022-007 Procurement,Task 1,,,,,,,,,,,,approved,,
jlannister,,Jaimie,Lannister,0,Lannister Advisery Services,3/13/2024,Wed,,,,0.75,,KL D-19,Kings Landing Delivery-2019-003 Planning,Task 3,,,,,,,,,,,Winter is coming,approved,,
jlannister,,Jaimie,Lannister,0,Lannister Advisery Services,3/13/2024,Wed,,,,0.75,,KL C-20,Kings Landing Construction-2020-006 Assembly,Task 4,,,,,,,,,,,Winter is coming,approved,,
jlannister,,Jaimie,Lannister,0,Lannister Advisery Services,3/13/2024,Wed,,,,2.25,,KL D-22,Kings Landing Delivery-2022-003 Planning,Task 2,,,,,,,,,,,Winter is coming,approved,,
jlannister,,Jaimie,Lannister,0,Lannister Advisery Services,3/13/2024,Wed,,,,7.25,,KL D-22,Kings Landing Delivery-2022-007 Procurement,Task 3,,,,,,,,,,,Winter is coming,approved,,
jlannister,,Jaimie,Lannister,0,Lannister Advisery Services,3/13/2024,Wed,,,,0.5,,KL D-22,Kings Landing Delivery-2022-010 Expansion,Task 2,,,,,,,,,,,Winter is coming,approved,,
SELMYBARRISTAN@AOL.COM,,Barristan,Selmy,0,SME/Contractor,3/13/2024,Wed,,,,2,,KL D-22,Kings Landing Delivery-2022-003 Planning,Task 2,,,,,,,,,,,Winter is coming,approved,,
mtyrell,,Margaery,Tyrell,0,Lannister Advisery Services,3/14/2024,Thu,,,,8,,KL D-22,Kings Landing Delivery-2022-007 Procurement,Task 3,,,,,,,,,,,Winter is coming,approved,,
tlannister2@las.com,,Tyrion,Lannister,0,Lannister Advisery Services,3/14/2024,Thu,,,,1,,KL F-20,Kings Landing Food-2020-006 Harvest,Task 1,,,,,,,,,,,Winter is coming,approved,,
tlannister2@las.com,,Tyrion,Lannister,0,Lannister Advisery Services,3/14/2024,Thu,,,,1,,KL F-20,Kings Landing Food-2020-007 Yield,Task 3,,,,,,,,,,,Winter is coming,approved,,
tlannister2@las.com,,Tyrion,Lannister,0,Lannister Advisery Services,3/14/2024,Thu,,,,1,,KL F-20,Kings Landing Food-2020-008 Storage,Task 1,,,,,,,,,,,Winter is coming,approved,,
tlannister2@las.com,,Tyrion,Lannister,0,Lannister Advisery Services,3/14/2024,Thu,,,,1,,KL D-22,Kings Landing Delivery-2022-006 Distribution,Task 3,,,,,,,,,,,Winter is coming,approved,,
tlannister2@las.com,,Tyrion,Lannister,0,Lannister Advisery Services,3/14/2024,Thu,,,,1,,KL D-22,Kings Landing Delivery-2022-008 Payment,Task 2,,,,,,,,,,,Winter is coming,approved,,
tlannister2@las.com,,Tyrion,Lannister,0,Lannister Advisery Services,3/14/2024,Thu,,,,1,,KL C-20,Kings Landing Delivery-2022-005 Storage,Task 2,,,,,,,,,,,Winter is coming,approved,,
tlannister2@las.com,,Tyrion,Lannister,0,Lannister Advisery Services,3/14/2024,Thu,,,,3.25,,KL D-22,Kings Landing Delivery-2022-005 Storage,Task 3,,,,,,,,,,,Winter is coming,approved,,
c_lannister@las.com,,Cerse,Lannister,0,Lannister Advisery Services,3/14/2024,Thu,,,,1.5,,KL D-22,Kings Landing Delivery-2022-005 Storage,Task 2,,,,,,,,,,,Winter is coming,approved,,
c_lannister@las.com,,Cerse,Lannister,0,Lannister Advisery Services,3/14/2024,Thu,,,,13,,KL D-22,Kings Landing Delivery-2022-007 Procurement,Task 3,,,,,,,,,,,Winter is coming,approved,,
bronn,,Bronn,,0,Lannister Advisery Services,3/14/2024,Thu,,,,0.25,,KL D-22,Kings Landing Delivery-2022-008 Payment,Task 1,,,,,,,,,,,Winter is coming,approved,,
bronn,,Bronn,,0,Lannister Advisery Services,3/14/2024,Thu,,,,0.5,,KL D-22,Kings Landing Delivery-2022-005 Storage,Task 1,,,,,,,,,,,,approved,,
bronn,,Bronn,,0,Lannister Advisery Services,3/14/2024,Thu,,,,0.5,,KL D-22,Kings Landing Delivery-2022-007 Procurement,Task 1,,,,,,,,,,,,approved,,
bronn,,Bronn,,0,Lannister Advisery Services,3/14/2024,Thu,,,,0.5,,KL D-22,Kings Landing Delivery-2022-006 Distribution,Task 1,,,,,,,,,,,,approved,,
bronn,,Bronn,,0,Lannister Advisery Services,3/14/2024,Thu,,,,0.5,,KL C-22,Kings Landing Construction-2022-001 Admin,,,,,,,,,,,,,approved,,
bronn,,Bronn,,0,Lannister Advisery Services,3/14/2024,Thu,,,,0.75,,KL D-22,Kings Landing Delivery-2022-001 Admin,,,,,,,,,,,,,approved,,
jlannister,,Jaimie,Lannister,0,Lannister Advisery Services,3/14/2024,Thu,,,,0.25,,KL D-22,Kings Landing Delivery-2022-005 Storage,Task 1,,,,,,,,,,,"By the old gods, and the new",approved,,
jlannister,,Jaimie,Lannister,0,Lannister Advisery Services,3/14/2024,Thu,,,,0.25,,KL D-19,Kings Landing Delivery-2019-003 Planning,Task 3,,,,,,,,,,,"By the old gods, and the new",approved,,
jlannister,,Jaimie,Lannister,0,Lannister Advisery Services,3/14/2024,Thu,,,,0.5,,KL R-22,Kings Landing Regency-2022-004 Execution,Task 2,,,,,,,,,,,,approved,,
jlannister,,Jaimie,Lannister,0,Lannister Advisery Services,3/14/2024,Thu,,,,8.5,,KL D-22,Kings Landing Delivery-2022-007 Procurement,Task 3,,,,,,,,,,,,approved,,
jlannister,,Jaimie,Lannister,0,Lannister Advisery Services,3/14/2024,Thu,,,,0.75,,KL D-22,Kings Landing Delivery-2022-010 Expansion,Task 2,,,,,,,,,,,What do we say to do the god of death? Not today.,approved,,
silent_payne@gmail.com,,Ilyn,Payne,0,SME/Contractor,3/14/2024,Thu,,,,1,,KL C-20,Kings Landing Delivery-2022-005 Storage,Task 2,,,,,,,,,,,What do we say to do the god of death? Not today.,approved,,
SELMYBARRISTAN@AOL.COM,,Barristan,Selmy,0,SME/Contractor,3/14/2024,Thu,,,,2,,KL D-22,Kings Landing Delivery-2022-003 Planning,Task 2,,,,,,,,,,,What do we say to do the god of death? Not today.,approved,,
tlannister2@las.com,,Tyrion,Lannister,0,Lannister Advisery Services,3/15/2024,Fri,,,,1.75,,KL F-20,Kings Landing Food-2020-009 Distribution,Task 1,,,,,,,,,,,What do we say to do the god of death? Not today.,approved,,
tlannister2@las.com,,Tyrion,Lannister,0,Lannister Advisery Services,3/15/2024,Fri,,,,0.25,,KL F-20,Kings Landing Food-2020-006 Harvest,Task 1,,,,,,,,,,,,approved,,
tlannister2@las.com,,Tyrion,Lannister,0,Lannister Advisery Services,3/15/2024,Fri,,,,0.25,,KL F-20,Kings Landing Food-2020-007 Yield,Task 3,,,,,,,,,,,A Lannister always pays their debts,approved,,
tlannister2@las.com,,Tyrion,Lannister,0,Lannister Advisery Services,3/15/2024,Fri,,,,0.25,,KL D-19,Kings Landing Delivery-2019-003 Planning,Task 4,,,,,,,,,,,A Lannister always pays their debts,approved,,
tlannister2@las.com,,Tyrion,Lannister,0,Lannister Advisery Services,3/15/2024,Fri,,,,0.25,,KL D-19,Kings Landing Delivery-2019-004 Allotment,Task 4,,,,,,,,,,,A Lannister always pays their debts,approved,,
tlannister2@las.com,,Tyrion,Lannister,0,Lannister Advisery Services,3/15/2024,Fri,,,,0.25,,KL D-22,Kings Landing Delivery-2022-003 Planning,Task 3,,,,,,,,,,,A Lannister always pays their debts,approved,,
tlannister2@las.com,,Tyrion,Lannister,0,Lannister Advisery Services,3/15/2024,Fri,,,,0.25,,KL D-22,Kings Landing Delivery-2022-006 Distribution,Task 3,,,,,,,,,,,A Lannister always pays their debts,approved,,
tlannister2@las.com,,Tyrion,Lannister,0,Lannister Advisery Services,3/15/2024,Fri,,,,0.25,,KL D-22,Kings Landing Delivery-2022-007 Procurement,Task 3,,,,,,,,,,,A Lannister always pays their debts,approved,,
tlannister2@las.com,,Tyrion,Lannister,0,Lannister Advisery Services,3/15/2024,Fri,,,,0.25,,KL D-22,Kings Landing Delivery-2022-005 Storage,Task 3,,,,,,,,,,,A Lannister always pays their debts,approved,,
tlannister2@las.com,,Tyrion,Lannister,0,Lannister Advisery Services,3/15/2024,Fri,,,,0.25,,KL D-22,Kings Landing Delivery-2022-008 Payment,Task 2,,,,,,,,,,,A Lannister always pays their debts,approved,,
tlannister2@las.com,,Tyrion,Lannister,0,Lannister Advisery Services,3/15/2024,Fri,,,,0.25,,KL C-20,Kings Landing Construction-2020-006 Assembly,Task 2,,,,,,,,,,,,approved,,
tlannister2@las.com,,Tyrion,Lannister,0,Lannister Advisery Services,3/15/2024,Fri,,,,0.75,,KL F-20,Kings Landing Food-2020-008 Storage,Task 1,,,,,,,,,,,,approved,,
c_lannister@las.com,,Cerse,Lannister,0,Lannister Advisery Services,3/15/2024,Fri,,,,11.75,,KL D-22,Kings Landing Delivery-2022-007 Procurement,Task 3,,,,,,,,,,,,approved,,
bronn,,Bronn,,0,Lannister Advisery Services,3/15/2024,Fri,,,,0.25,,KL F-20,Kings Landing Food-2020-001 Admin,,,,,,,,,,,,,approved,,
bronn,,Bronn,,0,Lannister Advisery Services,3/15/2024,Fri,,,,0.25,,KL C-20,Kings Landing Construction-2020-001 Admin,,,,,,,,,,,,What do we say to do the god of death? Not today.,approved,,
bronn,,Bronn,,0,Lannister Advisery Services,3/15/2024,Fri,,,,0.25,,KL C-21,Kings Landing Construction-2021-001 Admin,,,,,,,,,,,,What do we say to do the god of death? Not today.,approved,,
bronn,,Bronn,,0,Lannister Advisery Services,3/15/2024,Fri,,,,0.25,,KL C-22,Kings Landing Construction-2022-001 Admin,,,,,,,,,,,,What do we say to do the god of death? Not today.,approved,,
bronn,,Bronn,,0,Lannister Advisery Services,3/15/2024,Fri,,,,0.25,,KL C-23,Kings Landing Construction-2023-001 Admin,,,,,,,,,,,,What do we say to do the god of death? Not today.,approved,,
bronn,,Bronn,,0,Lannister Advisery Services,3/15/2024,Fri,,,,0.25,,KL R-22,Kings Landing Regency-2022-001 Admin,,,,,,,,,,,,What do we say to do the god of death? Not today.,approved,,
bronn,,Bronn,,0,Lannister Advisery Services,3/15/2024,Fri,,,,0.25,,KL D-19,Kings Landing Delivery-2019-001 Admin,,,,,,,,,,,,,approved,,
bronn,,Bronn,,0,Lannister Advisery Services,3/15/2024,Fri,,,,0.5,,KL D-22,Kings Landing Delivery-2022-001 Admin,,,,,,,,,,,,,approved,,
bronn,,Bronn,,0,Lannister Advisery Services,3/15/2024,Fri,,,,0.75,,KL D-23,Kings Landing Delivery-2023-001 Admin,,,,,,,,,,,,Winter is coming,approved,,
tlannister2@las.com,,Tyrion,Lannister,0,Lannister Advisery Services,3/15/2024,Fri,,,,0.25,,KL D-22,Kings Landing Delivery-2022-010 Expansion,Task 2,,,,,,,,,,,Winter is coming,approved,,
jlannister,,Jaimie,Lannister,0,Lannister Advisery Services,3/15/2024,Fri,,,,1,,KL C-20,Kings Landing Construction-2020-006 Assembly,Task 4,,,,,,,,,,,Winter is coming,approved,,
jlannister,,Jaimie,Lannister,0,Lannister Advisery Services,3/15/2024,Fri,,,,12.75,,KL D-22,Kings Landing Delivery-2022-007 Procurement,Task 3,,,,,,,,,,,Winter is coming,approved,,
silent_payne@gmail.com,,Ilyn,Payne,0,SME/Contractor,3/15/2024,Fri,,,,2,,KL C-20,Kings Landing Delivery-2022-005 Storage,Task 2,,,,,,,,,,,Winter is coming,approved,,
SELMYBARRISTAN@AOL.COM,,Barristan,Selmy,0,SME/Contractor,3/15/2024,Fri,,,,2,,KL D-22,Kings Landing Delivery-2022-003 Planning,Task 2,,,,,,,,,,,Winter is coming,approved,,
jlannister,,Jaimie,Lannister,0,Lannister Advisery Services,3/17/2024,Sun,,,,1.5,,KL D-22,Kings Landing Delivery-2022-010 Expansion,Task 2,,,,,,,,,,,Winter is coming,approved,,
tlannister2@las.com,,Tyrion,Lannister,0,Lannister Advisery Services,3/18/2024,Mon,,,,0.25,,KL D-19,Kings Landing Delivery-2019-004 Allotment,Task 4,,,,,,,,,,,Winter is coming,approved,,
tlannister2@las.com,,Tyrion,Lannister,0,Lannister Advisery Services,3/18/2024,Mon,,,,0.25,,KL D-22,Kings Landing Delivery-2022-003 Planning,Task 3,,,,,,,,,,,Winter is coming,approved,,
tlannister2@las.com,,Tyrion,Lannister,0,Lannister Advisery Services,3/18/2024,Mon,,,,0.25,,KL D-22,Kings Landing Delivery-2022-007 Procurement,Task 3,,,,,,,,,,,Winter is coming,approved,,
tlannister2@las.com,,Tyrion,Lannister,0,Lannister Advisery Services,3/18/2024,Mon,,,,0.25,,KL D-22,Kings Landing Delivery-2022-008 Payment,Task 3,,,,,,,,,,,Winter is coming,approved,,
tlannister2@las.com,,Tyrion,Lannister,0,Lannister Advisery Services,3/18/2024,Mon,,,,0.5,,KL F-20,Kings Landing Food-2020-008 Storage,Task 1,,,,,,,,,,,Winter is coming,approved,,
tlannister2@las.com,,Tyrion,Lannister,0,Lannister Advisery Services,3/18/2024,Mon,,,,0.5,,KL C-20,Kings Landing Construction-2020-006 Assembly,Task 2,,,,,,,,,,,Winter is coming,approved,,
tlannister2@las.com,,Tyrion,Lannister,0,Lannister Advisery Services,3/18/2024,Mon,,,,0.5,,KL F-20,Kings Landing Food-2020-006 Harvest,Task 1,,,,,,,,,,,Winter is coming,approved,,
tlannister2@las.com,,Tyrion,Lannister,0,Lannister Advisery Services,3/18/2024,Mon,,,,0.5,,KL D-22,Kings Landing Delivery-2022-006 Distribution,Task 3,,,,,,,,,,,Winter is coming,approved,,
tlannister2@las.com,,Tyrion,Lannister,0,Lannister Advisery Services,3/18/2024,Mon,,,,0.75,,KL D-22,Kings Landing Delivery-2022-005 Storage,Task 3,,,,,,,,,,,Winter is coming,approved,,
tlannister2@las.com,,Tyrion,Lannister,0,Lannister Advisery Services,3/18/2024,Mon,,,,0.75,,KL F-20,Kings Landing Food-2020-002 Strategy,Task 2,,,,,,,,,,,,approved,,
tlannister2@las.com,,Tyrion,Lannister,0,Lannister Advisery Services,3/18/2024,Mon,,,,1,,KL C-20,Kings Landing Delivery-2022-005 Storage,Task 3,,,,,,,,,,,What do we say to do the god of death? Not today.,approved,,
tlannister2@las.com,,Tyrion,Lannister,0,Lannister Advisery Services,3/18/2024,Mon,,,,1,,KL R-22,Kings Landing Regency-2022-003 Planning,,,,,,,,,,,,What do we say to do the god of death? Not today.,approved,,
tlannister2@las.com,,Tyrion,Lannister,0,Lannister Advisery Services,3/18/2024,Mon,,,,1.5,,KL C-20,Kings Landing Delivery-2022-005 Storage,Task 2,,,,,,,,,,,What do we say to do the god of death? Not today.,approved,,
jlannister,,Jaimie,Lannister,0,Lannister Advisery Services,3/18/2024,Mon,,,,0.75,,KL F-20,Kings Landing Food-2020-009 Distribution,Task 1,,,,,,,,,,,,approved,,
PYCELLE@GEOCITIES.BIZ,,Pycelle,,0,SME/Contractor,3/18/2024,Mon,3/18/2024 13:00,3/18/2024 14:15,-5,1.25,,KL C-22,Kings Landing Construction-2020-003 Planning,Task 2,,,,,,,,,,,"By the old gods, and the new",approved,,
c_lannister@las.com,,Cerse,Lannister,0,Lannister Advisery Services,3/18/2024,Mon,,,,0.25,,KL C-20,Kings Landing Construction-2020-006 Assembly,Task 2,,,,,,,,,,,"By the old gods, and the new",approved,,
c_lannister@las.com,,Cerse,Lannister,0,Lannister Advisery Services,3/18/2024,Mon,,,,0.25,,KL D-22,Kings Landing Delivery-2022-008 Payment,Task 1,,,,,,,,,,,"By the old gods, and the new",approved,,
c_lannister@las.com,,Cerse,Lannister,0,Lannister Advisery Services,3/18/2024,Mon,,,,0.25,,KL D-19,Kings Landing Delivery-2019-003 Planning,Task 3,,,,,,,,,,,"By the old gods, and the new",approved,,
c_lannister@las.com,,Cerse,Lannister,0,Lannister Advisery Services,3/18/2024,Mon,,,,0.25,,KL D-19,Kings Landing Delivery-2019-004 Allotment,Task 1,,,,,,,,,,,"By the old gods, and the new",approved,,
c_lannister@las.com,,Cerse,Lannister,0,Lannister Advisery Services,3/18/2024,Mon,,,,0.25,,KL D-22,Kings Landing Delivery-2022-006 Distribution,Task 1,,,,,,,,,,,"By the old gods, and the new",approved,,
c_lannister@las.com,,Cerse,Lannister,0,Lannister Advisery Services,3/18/2024,Mon,,,,0.5,,KL D-22,Kings Landing Delivery-2022-003 Planning,Task 3,,,,,,,,,,,,approved,,
c_lannister@las.com,,Cerse,Lannister,0,Lannister Advisery Services,3/18/2024,Mon,,,,0.5,,KL D-22,Kings Landing Delivery-2022-005 Storage,Task 2,,,,,,,,,,,,approved,,
jlannister,,Jaimie,Lannister,0,Lannister Advisery Services,3/18/2024,Mon,,,,0.25,,KL D-19,Kings Landing Delivery-2019-003 Planning,Task 1,,,,,,,,,,,,approved,,
jlannister,,Jaimie,Lannister,0,Lannister Advisery Services,3/18/2024,Mon,,,,0.25,,KL D-22,Kings Landing Delivery-2022-003 Planning,Task 1,,,,,,,,,,,,approved,,
jlannister,,Jaimie,Lannister,0,Lannister Advisery Services,3/18/2024,Mon,,,,0.25,,KL D-22,Kings Landing Delivery-2022-005 Storage,Task 1,,,,,,,,,,,What do we say to do the god of death? Not today.,approved,,
jlannister,,Jaimie,Lannister,0,Lannister Advisery Services,3/18/2024,Mon,,,,0.25,,KL D-22,Kings Landing Delivery-2022-007 Procurement,Task 1,,,,,,,,,,,What do we say to do the god of death? Not today.,approved,,
jlannister,,Jaimie,Lannister,0,Lannister Advisery Services,3/18/2024,Mon,,,,0.25,,KL D-22,Kings Landing Delivery-2022-008 Payment,Task 1,,,,,,,,,,,What do we say to do the god of death? Not today.,approved,,
jlannister,,Jaimie,Lannister,0,Lannister Advisery Services,3/18/2024,Mon,,,,0.25,,KL C-20,Kings Landing Construction-2020-006 Assembly,Task 1,,,,,,,,,,,What do we say to do the god of death? Not today.,approved,,
jlannister,,Jaimie,Lannister,0,Lannister Advisery Services,3/18/2024,Mon,,,,3.25,,KL D-22,Kings Landing Delivery-2022-007 Procurement,Task 2,,,,,,,,,,,,approved,,
jlannister,,Jaimie,Lannister,0,Lannister Advisery Services,3/18/2024,Mon,,,,4,,KL C-22,Kings Landing Construction-2020-003 Planning,Task 2,,,,,,,,,,,,approved,,
jlannister,,Jaimie,Lannister,0,Lannister Advisery Services,3/18/2024,Mon,,,,1.25,,KL D-22,Kings Landing Delivery-2022-010 Expansion,Task 2,,,,,,,,,,,,approved,,
silent_payne@gmail.com,,Ilyn,Payne,0,SME/Contractor,3/18/2024,Mon,,,,1,,KL C-20,Kings Landing Delivery-2022-005 Storage,Task 3,,,,,,,,,,,A Lannister always pays their debts,approved,,
silent_payne@gmail.com,,Ilyn,Payne,0,SME/Contractor,3/18/2024,Mon,,,,1.25,,KL C-20,Kings Landing Delivery-2022-005 Storage,Task 2,,,,,,,,,,,A Lannister always pays their debts,approved,,
tlannister2@las.com,,Tyrion,Lannister,0,Lannister Advisery Services,3/19/2024,Tue,,,,0.5,,KL D-19,Kings Landing Delivery-2019-003 Planning,Task 4,,,,,,,,,,,A Lannister always pays their debts,approved,,
tlannister2@las.com,,Tyrion,Lannister,0,Lannister Advisery Services,3/19/2024,Tue,,,,2,,KL D-22,Kings Landing Delivery-2022-005 Storage,Task 3,,,,,,,,,,,A Lannister always pays their debts,approved,,
tlannister2@las.com,,Tyrion,Lannister,0,Lannister Advisery Services,3/19/2024,Tue,,,,2,,KL D-22,Kings Landing Delivery-2022-006 Distribution,Task 3,,,,,,,,,,,A Lannister always pays their debts,approved,,
tlannister2@las.com,,Tyrion,Lannister,0,Lannister Advisery Services,3/19/2024,Tue,,,,2.5,,KL F-20,Kings Landing Food-2020-006 Harvest,Task 1,,,,,,,,,,,A Lannister always pays their debts,approved,,
c_lannister@las.com,,Cerse,Lannister,0,Lannister Advisery Services,3/19/2024,Tue,,,,1.25,,KL D-22,Kings Landing Delivery-2022-005 Storage,Task 2,,,,,,,,,,,A Lannister always pays their debts,approved,,
c_lannister@las.com,,Cerse,Lannister,0,Lannister Advisery Services,3/19/2024,Tue,,,,2,,KL D-22,Kings Landing Delivery-2022-006 Distribution,Task 3,,,,,,,,,,,,approved,,
jlannister,,Jaimie,Lannister,0,Lannister Advisery Services,3/19/2024,Tue,,,,0.25,,KL C-20,Kings Landing Construction-2020-006 Assembly,Task 4,,,,,,,,,,,,approved,,
jlannister,,Jaimie,Lannister,0,Lannister Advisery Services,3/19/2024,Tue,,,,0.5,,KL D-19,Kings Landing Delivery-2019-003 Planning,Task 2,,,,,,,,,,,,approved,,
jlannister,,Jaimie,Lannister,0,Lannister Advisery Services,3/19/2024,Tue,,,,2,,KL D-22,Kings Landing Delivery-2022-010 Expansion,Task 2,,,,,,,,,,,,approved,,
silent_payne@gmail.com,,Ilyn,Payne,0,SME/Contractor,3/19/2024,Tue,,,,1.5,,KL C-20,Kings Landing Delivery-2022-005 Storage,Task 2,,,,,,,,,,,What is dead may never die,approved,,
qyburn,,Qyburn,,0,SME/Contractor,3/20/2024,Wed,,,,0.25,,KL R-22,Kings Landing Regency-2022-004 Execution,Task 2,,,,,,,,,,,What is dead may never die,approved,,
tlannister2@las.com,,Tyrion,Lannister,0,Lannister Advisery Services,3/20/2024,Wed,,,,0.25,,KL D-19,Kings Landing Delivery-2019-003 Planning,Task 4,,,,,,,,,,,What is dead may never die,approved,,
tlannister2@las.com,,Tyrion,Lannister,0,Lannister Advisery Services,3/20/2024,Wed,,,,0.5,,KL R-22,Kings Landing Regency-2022-004 Execution,Task 2,,,,,,,,,,,What is dead may never die,approved,,
tlannister2@las.com,,Tyrion,Lannister,0,Lannister Advisery Services,3/20/2024,Wed,,,,1,,KL F-20,Kings Landing Food-2020-007 Yield,Task 3,,,,,,,,,,,What is dead may never die,approved,,
tlannister2@las.com,,Tyrion,Lannister,0,Lannister Advisery Services,3/20/2024,Wed,,,,1,,KL D-22,Kings Landing Delivery-2022-003 Planning,Task 3,,,,,,,,,,,Winter is coming,approved,,
tlannister2@las.com,,Tyrion,Lannister,0,Lannister Advisery Services,3/20/2024,Wed,,,,1,,KL D-22,Kings Landing Delivery-2022-006 Distribution,Task 3,,,,,,,,,,,Winter is coming,approved,,
tlannister2@las.com,,Tyrion,Lannister,0,Lannister Advisery Services,3/20/2024,Wed,,,,1,,KL D-22,Kings Landing Delivery-2022-007 Procurement,Task 3,,,,,,,,,,,Winter is coming,approved,,
tlannister2@las.com,,Tyrion,Lannister,0,Lannister Advisery Services,3/20/2024,Wed,,,,2,,KL F-20,Kings Landing Food-2020-006 Harvest,Task 1,,,,,,,,,,,Winter is coming,approved,,
tlannister2@las.com,,Tyrion,Lannister,0,Lannister Advisery Services,3/20/2024,Wed,,,,2,,KL D-22,Kings Landing Delivery-2022-005 Storage,Task 3,,,,,,,,,,,Winter is coming,approved,,
jlannister,,Jaimie,Lannister,0,Lannister Advisery Services,3/20/2024,Wed,,,,0.25,,KL F-20,Kings Landing Food-2020-009 Distribution,Task 1,,,,,,,,,,,Winter is coming,approved,,
PYCELLE@GEOCITIES.BIZ,,Pycelle,,0,SME/Contractor,3/20/2024,Wed,,,,0.5,,KL R-22,Kings Landing Regency-2022-004 Execution,Task 1,,,,,,,,,,,Winter is coming,approved,,
PYCELLE@GEOCITIES.BIZ,,Pycelle,,0,SME/Contractor,3/20/2024,Wed,,,,0.75,,KL C-22,Kings Landing Construction-2020-003 Planning,Task 2,,,,,,,,,,,Winter is coming,approved,,
c_lannister@las.com,,Cerse,Lannister,0,Lannister Advisery Services,3/20/2024,Wed,,,,0.5,,KL D-22,Kings Landing Delivery-2022-001 Admin,,,,,,,,,,,,Winter is coming,approved,,
c_lannister@las.com,,Cerse,Lannister,0,Lannister Advisery Services,3/20/2024,Wed,,,,0.5,,KL C-20,Kings Landing Construction-2020-001 Admin,,,,,,,,,,,,Winter is coming,approved,,
c_lannister@las.com,,Cerse,Lannister,0,Lannister Advisery Services,3/20/2024,Wed,,,,1.5,,KL D-22,Kings Landing Delivery-2022-003 Planning,Task 3,,,,,,,,,,,Winter is coming,approved,,
c_lannister@las.com,,Cerse,Lannister,0,Lannister Advisery Services,3/20/2024,Wed,,,,2.5,,KL D-22,Kings Landing Delivery-2022-006 Distribution,Task 3,,,,,,,,,,,Winter is coming,approved,,
c_lannister@las.com,,Cerse,Lannister,0,Lannister Advisery Services,3/20/2024,Wed,,,,3.5,,KL D-19,Kings Landing Delivery-2019-003 Planning,Task 3,,,,,,,,,,,What is dead may never die,approved,,
jlannister,,Jaimie,Lannister,0,Lannister Advisery Services,3/20/2024,Wed,,,,0.25,,KL D-19,Kings Landing Delivery-2019-003 Planning,Task 3,,,,,,,,,,,What is dead may never die,approved,,
jlannister,,Jaimie,Lannister,0,Lannister Advisery Services,3/20/2024,Wed,,,,0.25,,KL C-20,Kings Landing Construction-2020-006 Assembly,Task 4,,,,,,,,,,,What is dead may never die,approved,,
jlannister,,Jaimie,Lannister,0,Lannister Advisery Services,3/20/2024,Wed,,,,0.25,,KL D-19,Kings Landing Delivery-2019-001 Admin,,,,,,,,,,,,What is dead may never die,approved,,
jlannister,,Jaimie,Lannister,0,Lannister Advisery Services,3/20/2024,Wed,,,,0.25,,KL D-22,Kings Landing Delivery-2022-001 Admin,,,,,,,,,,,,,approved,,
jlannister,,Jaimie,Lannister,0,Lannister Advisery Services,3/20/2024,Wed,,,,0.25,,KL C-20,Kings Landing Construction-2020-001 Admin,,,,,,,,,,,,A Lannister always pays their debts,approved,,
jlannister,,Jaimie,Lannister,0,Lannister Advisery Services,3/20/2024,Wed,,,,0.25,,KL C-22,Kings Landing Construction-2022-001 Admin,,,,,,,,,,,,A Lannister always pays their debts,approved,,
jlannister,,Jaimie,Lannister,0,Lannister Advisery Services,3/20/2024,Wed,,,,0.25,,KL R-22,Kings Landing Regency-2022-001 Admin,,,,,,,,,,,,A Lannister always pays their debts,approved,,
jlannister,,Jaimie,Lannister,0,Lannister Advisery Services,3/20/2024,Wed,,,,0.5,,KL R-22,Kings Landing Regency-2022-004 Execution,Task 2,,,,,,,,,,,A Lannister always pays their debts,approved,,
jlannister,,Jaimie,Lannister,0,Lannister Advisery Services,3/20/2024,Wed,,,,0.75,,KL D-22,Kings Landing Delivery-2022-007 Procurement,Task 1,,,,,,,,,,,A Lannister always pays their debts,approved,,
jlannister,,Jaimie,Lannister,0,Lannister Advisery Services,3/20/2024,Wed,,,,1,,KL D-22,Kings Landing Delivery-2022-007 Procurement,Task 2,,,,,,,,,,,A Lannister always pays their debts,approved,,
jlannister,,Jaimie,Lannister,0,Lannister Advisery Services,3/20/2024,Wed,,,,1,,KL C-22,Kings Landing Construction-2020-003 Planning,Task 2,,,,,,,,,,,A Lannister always pays their debts,approved,,
jlannister,,Jaimie,Lannister,0,Lannister Advisery Services,3/20/2024,Wed,,,,1.5,,KL D-22,Kings Landing Delivery-2022-003 Planning,Task 3,,,,,,,,,,,A Lannister always pays their debts,approved,,
jlannister,,Jaimie,Lannister,0,Lannister Advisery Services,3/20/2024,Wed,,,,2.25,,KL D-22,Kings Landing Delivery-2022-005 Storage,Task 2,,,,,,,,,,,A Lannister always pays their debts,approved,,
tlannister@las.com,,Tywin,Lannister,0,Lannister Advisery Services,3/20/2024,Wed,,,,0.5,,KL D-22,Kings Landing Delivery-2022-001 Admin,,,,,,,,,,,,,approved,,
silent_payne@gmail.com,,Ilyn,Payne,0,SME/Contractor,3/20/2024,Wed,,,,1.75,,KL C-20,Kings Landing Delivery-2022-005 Storage,Task 2,,,,,,,,,,,,approved,,
SELMYBARRISTAN@AOL.COM,,Barristan,Selmy,0,SME/Contractor,3/20/2024,Wed,,,,2,,KL D-22,Kings Landing Delivery-2022-003 Planning,Task 2,,,,,,,,,,,,approved,,
balong,,Balon,Greyjoy,0,SME/Contractor,3/21/2024,Thu,,,,1,,KL D-19,Kings Landing Delivery-2019-003 Planning,Task 3,,,,,,,,,,,What is dead may never die,approved,,
Viserys@targtravel.com,,Viserys,Targaryen,0,SME/Contractor,3/21/2024,Thu,,,,4.5,,KL D-19,Kings Landing Delivery-2019-003 Planning,Task 3,,,,,,,,,,,What is dead may never die,approved,,
theong,,Theon,Greyjoy,0,SME/Contractor,3/21/2024,Thu,,,,1.5,,KL D-19,Kings Landing Delivery-2019-003 Planning,Task 3,,,,,,,,,,,What is dead may never die,approved,,
tlannister2@las.com,,Tyrion,Lannister,0,Lannister Advisery Services,3/21/2024,Thu,,,,1,,KL F-20,Kings Landing Food-2020-006 Harvest,Task 1,,,,,,,,,,,What is dead may never die,approved,,
tlannister2@las.com,,Tyrion,Lannister,0,Lannister Advisery Services,3/21/2024,Thu,,,,1,,KL F-20,Kings Landing Food-2020-007 Yield,Task 3,,,,,,,,,,,What is dead may never die,approved,,
tlannister2@las.com,,Tyrion,Lannister,0,Lannister Advisery Services,3/21/2024,Thu,,,,1,,KL F-20,Kings Landing Food-2020-008 Storage,Task 1,,,,,,,,,,,,approved,,
tlannister2@las.com,,Tyrion,Lannister,0,Lannister Advisery Services,3/21/2024,Thu,,,,1,,KL D-22,Kings Landing Delivery-2022-006 Distribution,Task 3,,,,,,,,,,,,approved,,
tlannister2@las.com,,Tyrion,Lannister,0,Lannister Advisery Services,3/21/2024,Thu,,,,1,,KL D-22,Kings Landing Delivery-2022-008 Payment,Task 2,,,,,,,,,,,,approved,,
tlannister2@las.com,,Tyrion,Lannister,0,Lannister Advisery Services,3/21/2024,Thu,,,,2.5,,KL D-22,Kings Landing Delivery-2022-005 Storage,Task 3,,,,,,,,,,,Winter is coming,approved,,
jsnow2,,Jon,Snow,0,SME/Contractor,3/21/2024,Thu,,,,0.75,,KL D-22,Kings Landing Delivery-2022-008 Payment,Task 2,,,,,,,,,,,Winter is coming,approved,,
PYCELLE@GEOCITIES.BIZ,,Pycelle,,0,SME/Contractor,3/21/2024,Thu,3/21/2024 22:00,3/22/2024 0:00,-5,2,,KL C-22,Kings Landing Construction-2020-003 Planning,Task 2,,,,,,,,,,,Winter is coming,approved,,
c_lannister@las.com,,Cerse,Lannister,0,Lannister Advisery Services,3/21/2024,Thu,,,,1,,KL D-22,Kings Landing Delivery-2022-003 Planning,Task 3,,,,,,,,,,,Winter is coming,approved,,
c_lannister@las.com,,Cerse,Lannister,0,Lannister Advisery Services,3/21/2024,Thu,,,,1.5,,KL D-19,Kings Landing Delivery-2019-003 Planning,Task 3,,,,,,,,,,,Winter is coming,approved,,
c_lannister@las.com,,Cerse,Lannister,0,Lannister Advisery Services,3/21/2024,Thu,,,,2,,KL D-22,Kings Landing Delivery-2022-005 Storage,Task 2,,,,,,,,,,,Winter is coming,approved,,
jlannister,,Jaimie,Lannister,0,Lannister Advisery Services,3/21/2024,Thu,,,,0.25,,KL D-22,Kings Landing Delivery-2022-001 Admin,,,,,,,,,,,,Winter is coming,approved,,
jlannister,,Jaimie,Lannister,0,Lannister Advisery Services,3/21/2024,Thu,,,,0.75,,KL C-20,Kings Landing Construction-2020-006 Assembly,Task 4,,,,,,,,,,,Winter is coming,approved,,
jlannister,,Jaimie,Lannister,0,Lannister Advisery Services,3/21/2024,Thu,,,,1,,KL D-22,Kings Landing Delivery-2022-005 Storage,Task 1,,,,,,,,,,,Winter is coming,approved,,
jlannister,,Jaimie,Lannister,0,Lannister Advisery Services,3/21/2024,Thu,,,,1.25,,KL D-19,Kings Landing Delivery-2019-003 Planning,Task 3,,,,,,,,,,,Winter is coming,approved,,
jlannister,,Jaimie,Lannister,0,Lannister Advisery Services,3/21/2024,Thu,,,,1.5,,KL D-22,Kings Landing Delivery-2022-005 Storage,Task 2,,,,,,,,,,,Winter is coming,approved,,
jlannister,,Jaimie,Lannister,0,Lannister Advisery Services,3/21/2024,Thu,,,,2,,KL D-22,Kings Landing Delivery-2022-008 Payment,Task 2,,,,,,,,,,,Winter is coming,approved,,
silent_payne@gmail.com,,Ilyn,Payne,0,SME/Contractor,3/21/2024,Thu,,,,1.75,,KL C-20,Kings Landing Delivery-2022-005 Storage,Task 2,,,,,,,,,,,Winter is coming,approved,,
SELMYBARRISTAN@AOL.COM,,Barristan,Selmy,0,SME/Contractor,3/21/2024,Thu,,,,3,,KL D-22,Kings Landing Delivery-2022-003 Planning,Task 2,,,,,,,,,,,Winter is coming,approved,,
Viserys@targtravel.com,,Viserys,Targaryen,0,SME/Contractor,3/22/2024,Fri,,,,2.5,,KL D-19,Kings Landing Delivery-2019-003 Planning,Task 3,,,,,,,,,,,,approved,,
theong,,Theon,Greyjoy,0,SME/Contractor,3/22/2024,Fri,,,,3.5,,KL D-19,Kings Landing Delivery-2019-003 Planning,Task 3,,,,,,,,,,,What is dead may never die,approved,,
tlannister2@las.com,,Tyrion,Lannister,0,Lannister Advisery Services,3/22/2024,Fri,,,,0.25,,KL F-20,Kings Landing Food-2020-006 Harvest,Task 1,,,,,,,,,,,What is dead may never die,approved,,
tlannister2@las.com,,Tyrion,Lannister,0,Lannister Advisery Services,3/22/2024,Fri,,,,0.5,,KL R-22,Kings Landing Regency-2022-004 Execution,Task 2,,,,,,,,,,,What is dead may never die,approved,,
tlannister2@las.com,,Tyrion,Lannister,0,Lannister Advisery Services,3/22/2024,Fri,,,,1.25,,KL R-22,Kings Landing Regency-2022-003 Planning,,,,,,,,,,,,What is dead may never die,approved,,
tlannister2@las.com,,Tyrion,Lannister,0,Lannister Advisery Services,3/22/2024,Fri,,,,2,,KL C-20,Kings Landing Construction-2020-006 Assembly,Task 2,,,,,,,,,,,What is dead may never die,approved,,
tlannister2@las.com,,Tyrion,Lannister,0,Lannister Advisery Services,3/22/2024,Fri,,,,2,,KL C-20,Kings Landing Delivery-2022-005 Storage,Task 2,,,,,,,,,,,What is dead may never die,approved,,
tlannister2@las.com,,Tyrion,Lannister,0,Lannister Advisery Services,3/22/2024,Fri,,,,2.5,,KL D-22,Kings Landing Delivery-2022-005 Storage,Task 3,,,,,,,,,,,What is dead may never die,approved,,
c_lannister@las.com,,Cerse,Lannister,0,Lannister Advisery Services,3/22/2024,Fri,,,,0.5,,KL D-19,Kings Landing Delivery-2019-003 Planning,Task 3,,,,,,,,,,,A Lannister always pays their debts,approved,,
jlannister,,Jaimie,Lannister,0,Lannister Advisery Services,3/22/2024,Fri,,,,0.25,,KL D-19,Kings Landing Delivery-2019-004 Allotment,Task 2,,,,,,,,,,,A Lannister always pays their debts,approved,,
jlannister,,Jaimie,Lannister,0,Lannister Advisery Services,3/22/2024,Fri,,,,0.5,,KL D-19,Kings Landing Delivery-2019-003 Planning,Task 3,,,,,,,,,,,A Lannister always pays their debts,approved,,
jlannister,,Jaimie,Lannister,0,Lannister Advisery Services,3/22/2024,Fri,,,,0.75,,KL D-22,Kings Landing Delivery-2022-008 Payment,Task 2,,,,,,,,,,,A Lannister always pays their debts,approved,,
jlannister,,Jaimie,Lannister,0,Lannister Advisery Services,3/22/2024,Fri,,,,1,,KL R-22,Kings Landing Regency-2022-003 Planning,,,,,,,,,,,,A Lannister always pays their debts,approved,,
jlannister,,Jaimie,Lannister,0,Lannister Advisery Services,3/22/2024,Fri,,,,1.5,,KL C-22,Kings Landing Construction-2020-003 Planning,Task 2,,,,,,,,,,,A Lannister always pays their debts,approved,,
jlannister,,Jaimie,Lannister,0,Lannister Advisery Services,3/22/2024,Fri,,,,3,,KL C-20,Kings Landing Construction-2020-006 Assembly,Task 4,,,,,,,,,,,A Lannister always pays their debts,approved,,
SELMYBARRISTAN@AOL.COM,,Barristan,Selmy,0,SME/Contractor,3/22/2024,Fri,,,,2.5,,KL D-22,Kings Landing Delivery-2022-003 Planning,Task 2,,,,,,,,,,,A Lannister always pays their debts,approved,,
not_today@gmail.com,,Syrio,Forel,0,SME/Contractor,3/24/2024,Sun,,,,1,,KL R-22,Kings Landing Regency-2022-001 Admin,,,,,,,,,,,,A Lannister always pays their debts,approved,,
not_today@gmail.com,,Syrio,Forel,0,SME/Contractor,3/24/2024,Sun,,,,1,,KL D-22,Kings Landing Delivery-2022-001 Admin,,,,,,,,,,,,A Lannister always pays their debts,approved,,
not_today@gmail.com,,Syrio,Forel,0,SME/Contractor,3/24/2024,Sun,,,,1,,KL C-20,Kings Landing Construction-2020-001 Admin,,,,,,,,,,,,A Lannister always pays their debts,approved,,
not_today@gmail.com,,Syrio,Forel,0,SME/Contractor,3/24/2024,Sun,,,,1,,KL C-21,Kings Landing Construction-2021-001 Admin,,,,,,,,,,,,,approved,,
bronn,,Bronn,,0,Lannister Advisery Services,3/24/2024,Sun,,,,0.25,,KL F-20,Kings Landing Food-2020-002 Strategy,Task 1,,,,,,,,,,,What is dead may never die,approved,,
bronn,,Bronn,,0,Lannister Advisery Services,3/24/2024,Sun,,,,0.25,,KL F-20,Kings Landing Food-2020-008 Storage,Task 1,,,,,,,,,,,What is dead may never die,approved,,
bronn,,Bronn,,0,Lannister Advisery Services,3/24/2024,Sun,,,,0.25,,KL F-20,Kings Landing Food-2020-007 Yield,Task 1,,,,,,,,,,,What is dead may never die,approved,,
bronn,,Bronn,,0,Lannister Advisery Services,3/24/2024,Sun,,,,0.25,,KL F-20,Kings Landing Food-2020-005 Growth,Task 1,,,,,,,,,,,What is dead may never die,approved,,
bronn,,Bronn,,0,Lannister Advisery Services,3/24/2024,Sun,,,,0.5,,KL C-20,Kings Landing Construction-2020-001 Admin,,,,,,,,,,,,What is dead may never die,approved,,
bronn,,Bronn,,0,Lannister Advisery Services,3/24/2024,Sun,,,,0.5,,KL C-21,Kings Landing Construction-2021-001 Admin,,,,,,,,,,,,What is dead may never die,approved,,
bronn,,Bronn,,0,Lannister Advisery Services,3/24/2024,Sun,,,,0.75,,KL D-19,Kings Landing Delivery-2019-003 Planning,Task 1,,,,,,,,,,,What is dead may never die,approved,,
bronn,,Bronn,,0,Lannister Advisery Services,3/24/2024,Sun,,,,0.75,,KL D-19,Kings Landing Delivery-2019-004 Allotment,Task 1,,,,,,,,,,,,approved,,
bronn,,Bronn,,0,Lannister Advisery Services,3/24/2024,Sun,,,,1,,KL D-22,Kings Landing Delivery-2022-006 Distribution,Task 1,,,,,,,,,,,,approved,,
bronn,,Bronn,,0,Lannister Advisery Services,3/24/2024,Sun,,,,1.5,,KL D-22,Kings Landing Delivery-2022-001 Admin,,,,,,,,,,,,,approved,,
bronn,,Bronn,,0,Lannister Advisery Services,3/24/2024,Sun,,,,2,,KL R-22,Kings Landing Regency-2022-001 Admin,,,,,,,,,,,,What do we say to do the god of death? Not today.,approved,,
jlannister,,Jaimie,Lannister,0,Lannister Advisery Services,3/24/2024,Sun,,,,1.5,,KL D-22,Kings Landing Delivery-2022-005 Storage,Task 1,,,,,,,,,,,What do we say to do the god of death? Not today.,approved,,
jlannister,,Jaimie,Lannister,0,Lannister Advisery Services,3/24/2024,Sun,,,,3.75,,KL D-22,Kings Landing Delivery-2022-007 Procurement,Task 3,,,,,,,,,,,What do we say to do the god of death? Not today.,approved,,
tlannister2@las.com,,Tyrion,Lannister,0,Lannister Advisery Services,3/25/2024,Mon,,,,0.25,,KL D-22,Kings Landing Delivery-2022-008 Payment,Task 2,,,,,,,,,,,What do we say to do the god of death? Not today.,approved,,
tlannister2@las.com,,Tyrion,Lannister,0,Lannister Advisery Services,3/25/2024,Mon,,,,0.25,,KL F-20,Kings Landing Food-2020-007 Yield,Task 3,,,,,,,,,,,What do we say to do the god of death? Not today.,approved,,
tlannister2@las.com,,Tyrion,Lannister,0,Lannister Advisery Services,3/25/2024,Mon,,,,0.25,,KL F-20,Kings Landing Food-2020-008 Storage,Task 1,,,,,,,,,,,,approved,,
tlannister2@las.com,,Tyrion,Lannister,0,Lannister Advisery Services,3/25/2024,Mon,,,,0.25,,KL D-22,Kings Landing Delivery-2022-006 Distribution,Task 3,,,,,,,,,,,,approved,,
tlannister2@las.com,,Tyrion,Lannister,0,Lannister Advisery Services,3/25/2024,Mon,,,,0.5,,KL D-22,Kings Landing Delivery-2022-003 Planning,Task 3,,,,,,,,,,,,approved,,
tlannister2@las.com,,Tyrion,Lannister,0,Lannister Advisery Services,3/25/2024,Mon,,,,0.5,,KL D-22,Kings Landing Delivery-2022-007 Procurement,Task 3,,,,,,,,,,,Winter is coming,approved,,
tlannister2@las.com,,Tyrion,Lannister,0,Lannister Advisery Services,3/25/2024,Mon,,,,0.5,,KL C-20,Kings Landing Construction-2020-006 Assembly,Task 2,,,,,,,,,,,Winter is coming,approved,,
tlannister2@las.com,,Tyrion,Lannister,0,Lannister Advisery Services,3/25/2024,Mon,,,,0.5,,KL R-22,Kings Landing Regency-2022-004 Execution,Task 2,,,,,,,,,,,Winter is coming,approved,,
tlannister2@las.com,,Tyrion,Lannister,0,Lannister Advisery Services,3/25/2024,Mon,,,,0.5,,KL D-22,Kings Landing Delivery-2022-005 Storage,Task 3,,,,,,,,,,,Winter is coming,approved,,
bronn,,Bronn,,0,Lannister Advisery Services,3/25/2024,Mon,,,,1.5,,KL F-20,Kings Landing Food-2020-009 Distribution,Task 1,,,,,,,,,,,Winter is coming,approved,,
tlannister2@las.com,,Tyrion,Lannister,0,Lannister Advisery Services,3/25/2024,Mon,,,,1.5,,KL F-20,Kings Landing Food-2020-006 Harvest,Task 1,,,,,,,,,,,Winter is coming,approved,,
tlannister2@las.com,,Tyrion,Lannister,0,Lannister Advisery Services,3/25/2024,Mon,,,,1.5,,KL D-19,Kings Landing Delivery-2019-004 Allotment,Task 4,,,,,,,,,,,Winter is coming,approved,,
tlannister2@las.com,,Tyrion,Lannister,0,Lannister Advisery Services,3/25/2024,Mon,,,,1.5,,KL C-20,Kings Landing Delivery-2022-005 Storage,Task 2,,,,,,,,,,,Winter is coming,approved,,
PYCELLE@GEOCITIES.BIZ,,Pycelle,,0,SME/Contractor,3/25/2024,Mon,3/25/2024 15:15,3/25/2024 15:30,-5,0.25,,KL C-22,Kings Landing Construction-2020-003 Planning,Task 2,,,,,,,,,,,Winter is coming,approved,,
jlannister,,Jaimie,Lannister,0,Lannister Advisery Services,3/25/2024,Mon,,,,1.75,,KL F-20,Kings Landing Food-2020-009 Distribution,Task 1,,,,,,,,,,,Winter is coming,approved,,
bronn,,Bronn,,0,Lannister Advisery Services,3/25/2024,Mon,,,,0.5,,KL D-22,Kings Landing Delivery-2022-005 Storage,Task 1,,,,,,,,,,,Winter is coming,approved,,
bronn,,Bronn,,0,Lannister Advisery Services,3/25/2024,Mon,,,,0.75,,KL D-22,Kings Landing Delivery-2022-007 Procurement,Task 1,,,,,,,,,,,Winter is coming,approved,,
tlannister2@las.com,,Tyrion,Lannister,0,Lannister Advisery Services,3/25/2024,Mon,,,,1.25,,KL D-22,Kings Landing Delivery-2022-010 Expansion,Task 2,,,,,,,,,,,Winter is coming,approved,,
jlannister,,Jaimie,Lannister,0,Lannister Advisery Services,3/25/2024,Mon,,,,0.25,,KL D-19,Kings Landing Delivery-2019-003 Planning,Task 1,,,,,,,,,,,Winter is coming,approved,,
jlannister,,Jaimie,Lannister,0,Lannister Advisery Services,3/25/2024,Mon,,,,0.25,,KL D-19,Kings Landing Delivery-2019-004 Allotment,Task 1,,,,,,,,,,,,approved,,
jlannister,,Jaimie,Lannister,0,Lannister Advisery Services,3/25/2024,Mon,,,,0.25,,KL D-22,Kings Landing Delivery-2022-003 Planning,Task 1,,,,,,,,,,,,approved,,
jlannister,,Jaimie,Lannister,0,Lannister Advisery Services,3/25/2024,Mon,,,,0.25,,KL D-22,Kings Landing Delivery-2022-005 Storage,Task 1,,,,,,,,,,,,approved,,
jlannister,,Jaimie,Lannister,0,Lannister Advisery Services,3/25/2024,Mon,,,,0.25,,KL D-22,Kings Landing Delivery-2022-007 Procurement,Task 1,,,,,,,,,,,What is dead may never die,approved,,
jlannister,,Jaimie,Lannister,0,Lannister Advisery Services,3/25/2024,Mon,,,,0.25,,KL D-22,Kings Landing Delivery-2022-008 Payment,Task 1,,,,,,,,,,,What is dead may never die,approved,,
jlannister,,Jaimie,Lannister,0,Lannister Advisery Services,3/25/2024,Mon,,,,0.5,,KL D-22,Kings Landing Delivery-2022-007 Procurement,Task 3,,,,,,,,,,,What is dead may never die,approved,,
jlannister,,Jaimie,Lannister,0,Lannister Advisery Services,3/25/2024,Mon,,,,0.5,,KL C-22,Kings Landing Construction-2020-003 Planning,Task 2,,,,,,,,,,,What is dead may never die,approved,,
jlannister,,Jaimie,Lannister,0,Lannister Advisery Services,3/25/2024,Mon,,,,7,,KL D-22,Kings Landing Delivery-2022-005 Storage,Task 1,,,,,,,,,,,What is dead may never die,approved,,
silent_payne@gmail.com,,Ilyn,Payne,0,SME/Contractor,3/25/2024,Mon,,,,0.5,,KL D-22,Kings Landing Delivery-2022-008 Payment,Task 3,,,,,,,,,,,,approved,,
silent_payne@gmail.com,,Ilyn,Payne,0,SME/Contractor,3/25/2024,Mon,,,,1.75,,KL C-20,Kings Landing Delivery-2022-005 Storage,Task 2,,,,,,,,,,,What do we say to do the god of death? Not today.,approved,,
qyburn,,Qyburn,,0,SME/Contractor,3/26/2024,Tue,,,,1,,KL R-22,Kings Landing Regency-2022-004 Execution,Task 2,,,,,,,,,,,What do we say to do the god of death? Not today.,approved,,
tlannister2@las.com,,Tyrion,Lannister,0,Lannister Advisery Services,3/26/2024,Tue,,,,0.5,,KL F-20,Kings Landing Food-2020-008 Storage,Task 1,,,,,,,,,,,What do we say to do the god of death? Not today.,approved,,
tlannister2@las.com,,Tyrion,Lannister,0,Lannister Advisery Services,3/26/2024,Tue,,,,0.5,,KL D-22,Kings Landing Delivery-2022-006 Distribution,Task 3,,,,,,,,,,,What do we say to do the god of death? Not today.,approved,,
tlannister2@las.com,,Tyrion,Lannister,0,Lannister Advisery Services,3/26/2024,Tue,,,,1.25,,KL C-20,Kings Landing Construction-2020-006 Assembly,Task 2,,,,,,,,,,,What do we say to do the god of death? Not today.,approved,,
tlannister2@las.com,,Tyrion,Lannister,0,Lannister Advisery Services,3/26/2024,Tue,,,,1.5,,KL D-19,Kings Landing Delivery-2019-004 Allotment,Task 4,,,,,,,,,,,,approved,,
tlannister2@las.com,,Tyrion,Lannister,0,Lannister Advisery Services,3/26/2024,Tue,,,,1.5,,KL R-22,Kings Landing Regency-2022-004 Execution,Task 2,,,,,,,,,,,,approved,,
tlannister2@las.com,,Tyrion,Lannister,0,Lannister Advisery Services,3/26/2024,Tue,,,,2.25,,KL D-22,Kings Landing Delivery-2022-005 Storage,Task 3,,,,,,,,,,,A Lannister always pays their debts,approved,,
PYCELLE@GEOCITIES.BIZ,,Pycelle,,0,SME/Contractor,3/26/2024,Tue,,,,1,,KL R-22,Kings Landing Regency-2022-004 Execution,Task 1,,,,,,,,,,,A Lannister always pays their debts,approved,,
jlannister,,Jaimie,Lannister,0,Lannister Advisery Services,3/26/2024,Tue,,,,0.5,,KL C-20,Kings Landing Construction-2020-006 Assembly,Task 4,,,,,,,,,,,A Lannister always pays their debts,approved,,
jlannister,,Jaimie,Lannister,0,Lannister Advisery Services,3/26/2024,Tue,,,,0.75,,KL D-22,Kings Landing Delivery-2022-007 Procurement,Task 3,,,,,,,,,,,A Lannister always pays their debts,approved,,
jlannister,,Jaimie,Lannister,0,Lannister Advisery Services,3/26/2024,Tue,,,,1.25,,KL D-19,Kings Landing Delivery-2019-004 Allotment,Task 2,,,,,,,,,,,A Lannister always pays their debts,approved,,
jlannister,,Jaimie,Lannister,0,Lannister Advisery Services,3/26/2024,Tue,,,,1.5,,KL D-22,Kings Landing Delivery-2022-005 Storage,Task 2,,,,,,,,,,,A Lannister always pays their debts,approved,,
jlannister,,Jaimie,Lannister,0,Lannister Advisery Services,3/26/2024,Tue,,,,2,,KL R-22,Kings Landing Regency-2022-004 Execution,Task 2,,,,,,,,,,,A Lannister always pays their debts,approved,,
jlannister,,Jaimie,Lannister,0,Lannister Advisery Services,3/26/2024,Tue,,,,2.25,,KL D-22,Kings Landing Delivery-2022-005 Storage,Task 1,,,,,,,,,,,A Lannister always pays their debts,approved,,
jlannister,,Jaimie,Lannister,0,Lannister Advisery Services,3/26/2024,Tue,,,,2.25,,KL C-20,Kings Landing Construction-2020-006 Assembly,Task 4,,,,,,,,,,,A Lannister always pays their debts,approved,,
jlannister,,Jaimie,Lannister,0,Lannister Advisery Services,3/26/2024,Tue,,,,0.25,,KL D-22,Kings Landing Delivery-2022-010 Expansion,Task 2,,,,,,,,,,,,approved,,
silent_payne@gmail.com,,Ilyn,Payne,0,SME/Contractor,3/26/2024,Tue,,,,0.5,,KL C-20,Kings Landing Delivery-2022-005 Storage,Task 2,,,,,,,,,,,What is dead may never die,approved,,
tlannister2@las.com,,Tyrion,Lannister,0,Lannister Advisery Services,3/27/2024,Wed,,,,2.5,,KL F-20,Kings Landing Food-2020-009 Distribution,Task 1,,,,,,,,,,,What is dead may never die,approved,,
tlannister2@las.com,,Tyrion,Lannister,0,Lannister Advisery Services,3/27/2024,Wed,,,,0.5,,KL F-20,Kings Landing Food-2020-007 Yield,Task 3,,,,,,,,,,,What is dead may never die,approved,,
tlannister2@las.com,,Tyrion,Lannister,0,Lannister Advisery Services,3/27/2024,Wed,,,,0.5,,KL C-20,Kings Landing Construction-2020-006 Assembly,Task 2,,,,,,,,,,,What is dead may never die,approved,,
tlannister2@las.com,,Tyrion,Lannister,0,Lannister Advisery Services,3/27/2024,Wed,,,,0.75,,KL D-22,Kings Landing Delivery-2022-007 Procurement,Task 3,,,,,,,,,,,What is dead may never die,approved,,
tlannister2@las.com,,Tyrion,Lannister,0,Lannister Advisery Services,3/27/2024,Wed,,,,1,,KL C-20,Kings Landing Delivery-2022-005 Storage,Task 2,,,,,,,,,,,What is dead may never die,approved,,
tlannister2@las.com,,Tyrion,Lannister,0,Lannister Advisery Services,3/27/2024,Wed,,,,3.75,,KL D-22,Kings Landing Delivery-2022-005 Storage,Task 3,,,,,,,,,,,,approved,,
c_lannister@las.com,,Cerse,Lannister,0,Lannister Advisery Services,3/27/2024,Wed,,,,1,,KL D-22,Kings Landing Delivery-2022-003 Planning,Task 3,,,,,,,,,,,What do we say to do the god of death? Not today.,approved,,
c_lannister@las.com,,Cerse,Lannister,0,Lannister Advisery Services,3/27/2024,Wed,,,,1,,KL D-22,Kings Landing Delivery-2022-005 Storage,Task 1,,,,,,,,,,,What do we say to do the god of death? Not today.,approved,,
c_lannister@las.com,,Cerse,Lannister,0,Lannister Advisery Services,3/27/2024,Wed,,,,1.25,,KL D-19,Kings Landing Delivery-2019-003 Planning,Task 3,,,,,,,,,,,,approved,,
c_lannister@las.com,,Cerse,Lannister,0,Lannister Advisery Services,3/27/2024,Wed,,,,1.5,,KL D-22,Kings Landing Delivery-2022-007 Procurement,Task 2,,,,,,,,,,,Winter is coming,approved,,
c_lannister@las.com,,Cerse,Lannister,0,Lannister Advisery Services,3/27/2024,Wed,,,,0.5,,KL D-22,Kings Landing Delivery-2022-010 Expansion,Task 2,,,,,,,,,,,Winter is coming,approved,,
jlannister,,Jaimie,Lannister,0,Lannister Advisery Services,3/27/2024,Wed,,,,0.25,,KL D-19,Kings Landing Delivery-2019-003 Planning,Task 3,,,,,,,,,,,Winter is coming,approved,,
jlannister,,Jaimie,Lannister,0,Lannister Advisery Services,3/27/2024,Wed,,,,0.25,,KL D-22,Kings Landing Delivery-2022-001 Admin,,,,,,,,,,,,Winter is coming,approved,,
jlannister,,Jaimie,Lannister,0,Lannister Advisery Services,3/27/2024,Wed,,,,0.25,,KL C-20,Kings Landing Construction-2020-006 Assembly,Task 4,,,,,,,,,,,Winter is coming,approved,,
jlannister,,Jaimie,Lannister,0,Lannister Advisery Services,3/27/2024,Wed,,,,0.25,,KL D-19,Kings Landing Delivery-2019-004 Allotment,Task 1,,,,,,,,,,,Winter is coming,approved,,
jlannister,,Jaimie,Lannister,0,Lannister Advisery Services,3/27/2024,Wed,,,,0.25,,KL D-22,Kings Landing Delivery-2022-004 Allotment,Task 1,,,,,,,,,,,Winter is coming,approved,,
jlannister,,Jaimie,Lannister,0,Lannister Advisery Services,3/27/2024,Wed,,,,0.25,,KL D-22,Kings Landing Delivery-2022-006 Distribution,Task 1,,,,,,,,,,,Winter is coming,approved,,
jlannister,,Jaimie,Lannister,0,Lannister Advisery Services,3/27/2024,Wed,,,,0.25,,KL D-22,Kings Landing Delivery-2022-008 Payment,Task 1,,,,,,,,,,,Winter is coming,approved,,
jlannister,,Jaimie,Lannister,0,Lannister Advisery Services,3/27/2024,Wed,,,,0.25,,KL C-22,Kings Landing Construction-2020-003 Planning,Task 1,,,,,,,,,,,Winter is coming,approved,,
jlannister,,Jaimie,Lannister,0,Lannister Advisery Services,3/27/2024,Wed,,,,0.25,,KL R-22,Kings Landing Regency-2022-004 Execution,Task 1,,,,,,,,,,,Winter is coming,approved,,
jlannister,,Jaimie,Lannister,0,Lannister Advisery Services,3/27/2024,Wed,,,,0.75,,KL D-22,Kings Landing Delivery-2022-003 Planning,Task 1,,,,,,,,,,,Winter is coming,approved,,
jlannister,,Jaimie,Lannister,0,Lannister Advisery Services,3/27/2024,Wed,,,,0.75,,KL D-22,Kings Landing Delivery-2022-005 Storage,Task 1,,,,,,,,,,,,approved,,
jlannister,,Jaimie,Lannister,0,Lannister Advisery Services,3/27/2024,Wed,,,,0.75,,KL D-22,Kings Landing Delivery-2022-007 Procurement,Task 1,,,,,,,,,,,,approved,,
jlannister,,Jaimie,Lannister,0,Lannister Advisery Services,3/27/2024,Wed,,,,1.25,,KL D-19,Kings Landing Delivery-2019-003 Planning,Task 1,,,,,,,,,,,What is dead may never die,approved,,
jlannister,,Jaimie,Lannister,0,Lannister Advisery Services,3/27/2024,Wed,,,,1.25,,KL C-20,Kings Landing Construction-2020-006 Assembly,Task 1,,,,,,,,,,,What is dead may never die,approved,,
jlannister,,Jaimie,Lannister,0,Lannister Advisery Services,3/27/2024,Wed,,,,2,,KL D-22,Kings Landing Delivery-2022-003 Planning,Task 3,,,,,,,,,,,What is dead may never die,approved,,
jlannister,,Jaimie,Lannister,0,Lannister Advisery Services,3/27/2024,Wed,,,,3,,KL D-22,Kings Landing Delivery-2022-007 Procurement,Task 2,,,,,,,,,,,What is dead may never die,approved,,
jlannister,,Jaimie,Lannister,0,Lannister Advisery Services,3/27/2024,Wed,,,,0.75,,KL D-22,Kings Landing Delivery-2022-010 Expansion,Task 1,,,,,,,,,,,What do we say to do the god of death? Not today.,approved,,
silent_payne@gmail.com,,Ilyn,Payne,0,SME/Contractor,3/27/2024,Wed,,,,0.5,,KL C-20,Kings Landing Delivery-2022-005 Storage,Task 2,,,,,,,,,,,What do we say to do the god of death? Not today.,approved,,
silent_payne@gmail.com,,Ilyn,Payne,0,SME/Contractor,3/27/2024,Wed,,,,1.25,,KL D-22,Kings Landing Delivery-2022-005 Storage,Task 3,,,,,,,,,,,What do we say to do the god of death? Not today.,approved,,
balong,,Balon,Greyjoy,0,SME/Contractor,3/28/2024,Thu,,,,2,,KL D-19,Kings Landing Delivery-2019-003 Planning,Task 3,,,,,,,,,,,A Lannister always pays their debts,approved,,
daenerys,,Daenerys,Taren,0,SME/Contractor,3/28/2024,Thu,,,,1,,KL D-19,Kings Landing Delivery-2019-003 Planning,Task 3,,,,,,,,,,,A Lannister always pays their debts,approved,,
theong,,Theon,Greyjoy,0,SME/Contractor,3/28/2024,Thu,,,,4,,KL D-19,Kings Landing Delivery-2019-003 Planning,Task 3,,,,,,,,,,,A Lannister always pays their debts,approved,,
tlannister2@las.com,,Tyrion,Lannister,0,Lannister Advisery Services,3/28/2024,Thu,,,,0.75,,KL F-20,Kings Landing Food-2020-009 Distribution,Task 1,,,,,,,,,,,A Lannister always pays their debts,approved,,
tlannister2@las.com,,Tyrion,Lannister,0,Lannister Advisery Services,3/28/2024,Thu,,,,0.25,,KL D-19,Kings Landing Delivery-2019-004 Allotment,Task 4,,,,,,,,,,,A Lannister always pays their debts,approved,,
tlannister2@las.com,,Tyrion,Lannister,0,Lannister Advisery Services,3/28/2024,Thu,,,,0.25,,KL D-22,Kings Landing Delivery-2022-003 Planning,Task 3,,,,,,,,,,,A Lannister always pays their debts,approved,,
tlannister2@las.com,,Tyrion,Lannister,0,Lannister Advisery Services,3/28/2024,Thu,,,,0.25,,KL D-22,Kings Landing Delivery-2022-006 Distribution,Task 3,,,,,,,,,,,A Lannister always pays their debts,approved,,
tlannister2@las.com,,Tyrion,Lannister,0,Lannister Advisery Services,3/28/2024,Thu,,,,0.25,,KL D-22,Kings Landing Delivery-2022-007 Procurement,Task 3,,,,,,,,,,,A Lannister always pays their debts,approved,,
tlannister2@las.com,,Tyrion,Lannister,0,Lannister Advisery Services,3/28/2024,Thu,,,,0.25,,KL C-20,Kings Landing Construction-2020-006 Assembly,Task 2,,,,,,,,,,,A Lannister always pays their debts,approved,,
tlannister2@las.com,,Tyrion,Lannister,0,Lannister Advisery Services,3/28/2024,Thu,,,,0.25,,KL R-22,Kings Landing Regency-2022-004 Execution,Task 2,,,,,,,,,,,A Lannister always pays their debts,approved,,
tlannister2@las.com,,Tyrion,Lannister,0,Lannister Advisery Services,3/28/2024,Thu,,,,1.25,,KL D-22,Kings Landing Delivery-2022-008 Payment,Task 2,,,,,,,,,,,,approved,,
tlannister2@las.com,,Tyrion,Lannister,0,Lannister Advisery Services,3/28/2024,Thu,,,,1.25,,KL C-20,Kings Landing Delivery-2022-005 Storage,Task 2,,,,,,,,,,,,approved,,
tlannister2@las.com,,Tyrion,Lannister,0,Lannister Advisery Services,3/28/2024,Thu,,,,3,,KL D-22,Kings Landing Delivery-2022-005 Storage,Task 3,,,,,,,,,,,What is dead may never die,approved,,
tlannister2@las.com,,Tyrion,Lannister,0,Lannister Advisery Services,3/28/2024,Thu,,,,3.5,,KL F-20,Kings Landing Food-2020-008 Storage,Task 1,,,,,,,,,,,What is dead may never die,approved,,
jsnow2,,Jon,Snow,0,SME/Contractor,3/28/2024,Thu,,,,0.75,,KL D-22,Kings Landing Delivery-2022-008 Payment,Task 2,,,,,,,,,,,What is dead may never die,approved,,
c_lannister@las.com,,Cerse,Lannister,0,Lannister Advisery Services,3/28/2024,Thu,,,,0.25,,KL D-19,Kings Landing Delivery-2019-003 Planning,Task 3,,,,,,,,,,,What is dead may never die,approved,,
c_lannister@las.com,,Cerse,Lannister,0,Lannister Advisery Services,3/28/2024,Thu,,,,0.5,,KL D-22,Kings Landing Delivery-2022-005 Storage,Task 1,,,,,,,,,,,,approved,,
c_lannister@las.com,,Cerse,Lannister,0,Lannister Advisery Services,3/28/2024,Thu,,,,1.75,,KL D-22,Kings Landing Delivery-2022-005 Storage,Task 1,,,,,,,,,,,,approved,,
jlannister,,Jaimie,Lannister,0,Lannister Advisery Services,3/28/2024,Thu,,,,0.25,,KL F-20,Kings Landing Food-2020-009 Distribution,Task 1,,,,,,,,,,,Winter is coming,approved,,
tlannister2@las.com,,Tyrion,Lannister,0,Lannister Advisery Services,3/28/2024,Thu,,,,0.25,,KL D-22,Kings Landing Delivery-2022-010 Expansion,Task 2,,,,,,,,,,,Winter is coming,approved,,
jlannister,,Jaimie,Lannister,0,Lannister Advisery Services,3/28/2024,Thu,,,,0.25,,KL D-19,Kings Landing Delivery-2019-003 Planning,Task 3,,,,,,,,,,,Winter is coming,approved,,
jlannister,,Jaimie,Lannister,0,Lannister Advisery Services,3/28/2024,Thu,,,,0.25,,KL R-22,Kings Landing Regency-2022-004 Execution,Task 2,,,,,,,,,,,Winter is coming,approved,,
jlannister,,Jaimie,Lannister,0,Lannister Advisery Services,3/28/2024,Thu,,,,0.25,,KL C-20,Kings Landing Construction-2020-006 Assembly,Task 2,,,,,,,,,,,Winter is coming,approved,,
jlannister,,Jaimie,Lannister,0,Lannister Advisery Services,3/28/2024,Thu,,,,0.25,,KL D-19,Kings Landing Delivery-2019-004 Allotment,Task 1,,,,,,,,,,,Winter is coming,approved,,
jlannister,,Jaimie,Lannister,0,Lannister Advisery Services,3/28/2024,Thu,,,,0.25,,KL D-22,Kings Landing Delivery-2022-003 Planning,Task 1,,,,,,,,,,,Winter is coming,approved,,
jlannister,,Jaimie,Lannister,0,Lannister Advisery Services,3/28/2024,Thu,,,,0.25,,KL D-22,Kings Landing Delivery-2022-004 Allotment,Task 1,,,,,,,,,,,Winter is coming,approved,,
jlannister,,Jaimie,Lannister,0,Lannister Advisery Services,3/28/2024,Thu,,,,0.25,,KL D-22,Kings Landing Delivery-2022-005 Storage,Task 1,,,,,,,,,,,Winter is coming,approved,,
jlannister,,Jaimie,Lannister,0,Lannister Advisery Services,3/28/2024,Thu,,,,0.25,,KL D-22,Kings Landing Delivery-2022-006 Distribution,Task 1,,,,,,,,,,,Winter is coming,approved,,
jlannister,,Jaimie,Lannister,0,Lannister Advisery Services,3/28/2024,Thu,,,,0.25,,KL D-22,Kings Landing Delivery-2022-007 Procurement,Task 1,,,,,,,,,,,Winter is coming,approved,,
jlannister,,Jaimie,Lannister,0,Lannister Advisery Services,3/28/2024,Thu,,,,0.25,,KL D-22,Kings Landing Delivery-2022-008 Payment,Task 1,,,,,,,,,,,Winter is coming,approved,,
jlannister,,Jaimie,Lannister,0,Lannister Advisery Services,3/28/2024,Thu,,,,0.25,,KL D-22,Kings Landing Delivery-2022-010 Expansion,Task 1,,,,,,,,,,,Winter is coming,approved,,
jlannister,,Jaimie,Lannister,0,Lannister Advisery Services,3/28/2024,Thu,,,,0.25,,KL C-20,Kings Landing Construction-2020-006 Assembly,Task 1,,,,,,,,,,,,approved,,
jlannister,,Jaimie,Lannister,0,Lannister Advisery Services,3/28/2024,Thu,,,,0.25,,KL C-22,Kings Landing Construction-2020-003 Planning,Task 1,,,,,,,,,,,What do we say to do the god of death? Not today.,approved,,
jlannister,,Jaimie,Lannister,0,Lannister Advisery Services,3/28/2024,Thu,,,,0.5,,KL D-22,Kings Landing Delivery-2022-003 Planning,Task 2,,,,,,,,,,,What do we say to do the god of death? Not today.,approved,,
jlannister,,Jaimie,Lannister,0,Lannister Advisery Services,3/28/2024,Thu,,,,0.5,,KL C-22,Kings Landing Construction-2020-003 Planning,Task 2,,,,,,,,,,,What do we say to do the god of death? Not today.,approved,,
jlannister,,Jaimie,Lannister,0,Lannister Advisery Services,3/28/2024,Thu,,,,1.25,,KL D-22,Kings Landing Delivery-2022-008 Payment,Task 2,,,,,,,,,,,What do we say to do the god of death? Not today.,approved,,
silent_payne@gmail.com,,Ilyn,Payne,0,SME/Contractor,3/28/2024,Thu,,,,1.5,,KL C-20,Kings Landing Delivery-2022-005 Storage,Task 2,,,,,,,,,,,What do we say to do the god of death? Not today.,approved,,
tlannister2@las.com,,Tyrion,Lannister,0,Lannister Advisery Services,3/29/2024,Fri,,,,5,,KL D-22,Kings Landing Delivery-2022-005 Storage,Task 3,,,,,,,,,,,A Lannister always pays their debts,approved,,
bronn,,Bronn,,0,Lannister Advisery Services,3/29/2024,Fri,,,,0.5,,KL R-22,Kings Landing Regency-2022-001 Admin,,,,,,,,,,,,A Lannister always pays their debts,approved,,
bronn,,Bronn,,0,Lannister Advisery Services,3/29/2024,Fri,,,,0.5,,KL D-19,Kings Landing Delivery-2019-001 Admin,,,,,,,,,,,,A Lannister always pays their debts,approved,,
bronn,,Bronn,,0,Lannister Advisery Services,3/29/2024,Fri,,,,0.75,,KL D-22,Kings Landing Delivery-2022-001 Admin,,,,,,,,,,,,A Lannister always pays their debts,approved,,
bronn,,Bronn,,0,Lannister Advisery Services,3/29/2024,Fri,,,,1,,KL D-19,Kings Landing Delivery-2019-003 Planning,Task 1,,,,,,,,,,,A Lannister always pays their debts,approved,,
bronn,,Bronn,,0,Lannister Advisery Services,3/29/2024,Fri,,,,1,,KL D-19,Kings Landing Delivery-2019-004 Allotment,Task 1,,,,,,,,,,,A Lannister always pays their debts,approved,,
jlannister,,Jaimie,Lannister,0,Lannister Advisery Services,3/29/2024,Fri,,,,0.25,,KL D-22,Kings Landing Delivery-2022-008 Payment,Task 2,,,,,,,,,,,A Lannister always pays their debts,approved,,
jlannister,,Jaimie,Lannister,0,Lannister Advisery Services,3/29/2024,Fri,,,,0.25,,KL C-20,Kings Landing Construction-2020-006 Assembly,Task 1,,,,,,,,,,,A Lannister always pays their debts,approved,,
jlannister,,Jaimie,Lannister,0,Lannister Advisery Services,3/29/2024,Fri,,,,0.25,,KL D-22,Kings Landing Delivery-2022-007 Procurement,Task 2,,,,,,,,,,,A Lannister always pays their debts,approved,,
jlannister,,Jaimie,Lannister,0,Lannister Advisery Services,3/29/2024,Fri,,,,0.75,,KL D-22,Kings Landing Delivery-2022-003 Planning,Task 3,,,,,,,,,,,A Lannister always pays their debts,approved,,
jlannister,,Jaimie,Lannister,0,Lannister Advisery Services,3/29/2024,Fri,,,,2.75,,KL D-22,Kings Landing Delivery-2022-005 Storage,Task 1,,,,,,,,,,,A Lannister always pays their debts,approved,,
jlannister,,Jaimie,Lannister,0,Lannister Advisery Services,3/29/2024,Fri,,,,3.5,,KL D-22,Kings Landing Delivery-2022-005 Storage,Task 2,,,,,,,,,,,A Lannister always pays their debts,approved,,
balong,,Balon,Greyjoy,0,SME/Contractor,3/30/2024,Sat,,,,3,,KL D-19,Kings Landing Delivery-2019-003 Planning,Task 3,,,,,,,,,,,,approved,,
tlannister2@las.com,,Tyrion,Lannister,0,Lannister Advisery Services,3/31/2024,Sun,,,,1,,KL D-22,Kings Landing Delivery-2022-005 Storage,Task 3,,,,,,,,,,,What do we say to do the god of death? Not today.,approved,,
jlannister,,Jaimie,Lannister,0,Lannister Advisery Services,3/31/2024,Sun,,,,0.25,,KL D-19,Kings Landing Delivery-2019-003 Planning,Task 3,,,,,,,,,,,What do we say to do the god of death? Not today.,approved,,
jlannister,,Jaimie,Lannister,0,Lannister Advisery Services,3/31/2024,Sun,,,,0.25,,KL C-20,Kings Landing Construction-2020-006 Assembly,Task 2,,,,,,,,,,,What do we say to do the god of death? Not today.,approved,,
jlannister,,Jaimie,Lannister,0,Lannister Advisery Services,3/31/2024,Sun,,,,1,,KL D-22,Kings Landing Delivery-2022-005 Storage,Task 1,,,,,,,,,,,,approved,,
